CREATE TABLE IF NOT EXISTS pattern_thirty_twentynine (
    pattern_thirty_twentynine_id INT AUTO_INCREMENT PRIMARY KEY NOT NULL,
    bucket_30 INT NOT NULL,
    bucket_30_59 INT NOT NULL
);

CREATE TABLE IF NOT EXISTS pattern_five_tens_nine (
    pattern_five_tens_nine_id INT AUTO_INCREMENT PRIMARY KEY NOT NULL,
    pattern_thirty_twentynine_id INT NOT NULL,
    column_1 INT NOT NULL,
    column_2 INT NOT NULL,
    column_3 INT NOT NULL,
    column_4 INT NOT NULL,
    column_5 INT NOT NULL,
    column_6 INT NOT NULL,
    total_combination INT NOT NULL,
    FOREIGN KEY (pattern_thirty_twentynine_id) REFERENCES pattern_thirty_twentynine(pattern_thirty_twentynine_id)
);

CREATE TABLE IF NOT EXISTS pattern_odd_even (
    pattern_odd_even_id INT AUTO_INCREMENT PRIMARY KEY NOT NULL,
    type_1 INT NOT NULL,
    type_2 INT NOT NULL,
    type_3 INT NOT NULL,
    type_4 INT NOT NULL,
    type_5 INT NOT NULL,
    type_6 INT NOT NULL
);
INSERT INTO pattern_thirty_twentynine (bucket_30, bucket_30_59) VALUES (6, 0);
INSERT INTO pattern_thirty_twentynine (bucket_30, bucket_30_59) VALUES (5, 1);
INSERT INTO pattern_thirty_twentynine (bucket_30, bucket_30_59) VALUES (4, 2);
INSERT INTO pattern_thirty_twentynine (bucket_30, bucket_30_59) VALUES (3, 3);
INSERT INTO pattern_thirty_twentynine (bucket_30, bucket_30_59) VALUES (2, 4);
INSERT INTO pattern_thirty_twentynine (bucket_30, bucket_30_59) VALUES (1, 5);
INSERT INTO pattern_thirty_twentynine (bucket_30, bucket_30_59) VALUES (0, 6);



INSERT INTO pattern_odd_even (type_1, type_2, type_3, type_4, type_5, type_6) VALUES (2, 2, 2, 2, 2, 2);
INSERT INTO pattern_odd_even (type_1, type_2, type_3, type_4, type_5, type_6) VALUES (2, 2, 2, 2, 2, 1);
INSERT INTO pattern_odd_even (type_1, type_2, type_3, type_4, type_5, type_6) VALUES (2, 2, 2, 2, 1, 2);
INSERT INTO pattern_odd_even (type_1, type_2, type_3, type_4, type_5, type_6) VALUES (2, 2, 2, 1, 2, 2);
INSERT INTO pattern_odd_even (type_1, type_2, type_3, type_4, type_5, type_6) VALUES (2, 2, 1, 2, 2, 2);
INSERT INTO pattern_odd_even (type_1, type_2, type_3, type_4, type_5, type_6) VALUES (2, 1, 2, 2, 2, 2);
INSERT INTO pattern_odd_even (type_1, type_2, type_3, type_4, type_5, type_6) VALUES (2, 2, 2, 2, 1, 1);
INSERT INTO pattern_odd_even (type_1, type_2, type_3, type_4, type_5, type_6) VALUES (2, 2, 2, 1, 2, 1);
INSERT INTO pattern_odd_even (type_1, type_2, type_3, type_4, type_5, type_6) VALUES (2, 2, 1, 2, 2, 1);
INSERT INTO pattern_odd_even (type_1, type_2, type_3, type_4, type_5, type_6) VALUES (2, 1, 2, 2, 2, 1);
INSERT INTO pattern_odd_even (type_1, type_2, type_3, type_4, type_5, type_6) VALUES (2, 2, 2, 1, 1, 2);
INSERT INTO pattern_odd_even (type_1, type_2, type_3, type_4, type_5, type_6) VALUES (2, 2, 1, 2, 1, 2);
INSERT INTO pattern_odd_even (type_1, type_2, type_3, type_4, type_5, type_6) VALUES (2, 1, 2, 2, 1, 2);
INSERT INTO pattern_odd_even (type_1, type_2, type_3, type_4, type_5, type_6) VALUES (2, 2, 1, 1, 2, 2);
INSERT INTO pattern_odd_even (type_1, type_2, type_3, type_4, type_5, type_6) VALUES (2, 1, 2, 1, 2, 2);
INSERT INTO pattern_odd_even (type_1, type_2, type_3, type_4, type_5, type_6) VALUES (2, 1, 1, 2, 2, 2);
INSERT INTO pattern_odd_even (type_1, type_2, type_3, type_4, type_5, type_6) VALUES (2, 2, 2, 1, 1, 1);
INSERT INTO pattern_odd_even (type_1, type_2, type_3, type_4, type_5, type_6) VALUES (2, 2, 1, 2, 1, 1);
INSERT INTO pattern_odd_even (type_1, type_2, type_3, type_4, type_5, type_6) VALUES (2, 1, 2, 2, 1, 1);
INSERT INTO pattern_odd_even (type_1, type_2, type_3, type_4, type_5, type_6) VALUES (2, 2, 1, 1, 2, 1);
INSERT INTO pattern_odd_even (type_1, type_2, type_3, type_4, type_5, type_6) VALUES (2, 1, 2, 1, 2, 1);
INSERT INTO pattern_odd_even (type_1, type_2, type_3, type_4, type_5, type_6) VALUES (2, 1, 1, 2, 2, 1);
INSERT INTO pattern_odd_even (type_1, type_2, type_3, type_4, type_5, type_6) VALUES (2, 2, 1, 1, 1, 2);
INSERT INTO pattern_odd_even (type_1, type_2, type_3, type_4, type_5, type_6) VALUES (2, 1, 2, 1, 1, 2);
INSERT INTO pattern_odd_even (type_1, type_2, type_3, type_4, type_5, type_6) VALUES (2, 1, 1, 2, 1, 2);
INSERT INTO pattern_odd_even (type_1, type_2, type_3, type_4, type_5, type_6) VALUES (2, 1, 1, 1, 2, 2);
INSERT INTO pattern_odd_even (type_1, type_2, type_3, type_4, type_5, type_6) VALUES (2, 2, 1, 1, 1, 1);
INSERT INTO pattern_odd_even (type_1, type_2, type_3, type_4, type_5, type_6) VALUES (2, 1, 2, 1, 1, 1);
INSERT INTO pattern_odd_even (type_1, type_2, type_3, type_4, type_5, type_6) VALUES (2, 1, 1, 2, 1, 1);
INSERT INTO pattern_odd_even (type_1, type_2, type_3, type_4, type_5, type_6) VALUES (2, 1, 1, 1, 2, 1);
INSERT INTO pattern_odd_even (type_1, type_2, type_3, type_4, type_5, type_6) VALUES (2, 1, 1, 1, 1, 2);
INSERT INTO pattern_odd_even (type_1, type_2, type_3, type_4, type_5, type_6) VALUES (2, 1, 1, 1, 1, 1);
INSERT INTO pattern_odd_even (type_1, type_2, type_3, type_4, type_5, type_6) VALUES (1, 1, 1, 1, 1, 1);
INSERT INTO pattern_odd_even (type_1, type_2, type_3, type_4, type_5, type_6) VALUES (1, 1, 1, 1, 1, 2);
INSERT INTO pattern_odd_even (type_1, type_2, type_3, type_4, type_5, type_6) VALUES (1, 1, 1, 1, 2, 1);
INSERT INTO pattern_odd_even (type_1, type_2, type_3, type_4, type_5, type_6) VALUES (1, 1, 1, 2, 1, 1);
INSERT INTO pattern_odd_even (type_1, type_2, type_3, type_4, type_5, type_6) VALUES (1, 1, 2, 1, 1, 1);
INSERT INTO pattern_odd_even (type_1, type_2, type_3, type_4, type_5, type_6) VALUES (1, 2, 1, 1, 1, 1);
INSERT INTO pattern_odd_even (type_1, type_2, type_3, type_4, type_5, type_6) VALUES (1, 1, 1, 1, 2, 2);
INSERT INTO pattern_odd_even (type_1, type_2, type_3, type_4, type_5, type_6) VALUES (1, 1, 1, 2, 1, 2);
INSERT INTO pattern_odd_even (type_1, type_2, type_3, type_4, type_5, type_6) VALUES (1, 1, 2, 1, 1, 2);
INSERT INTO pattern_odd_even (type_1, type_2, type_3, type_4, type_5, type_6) VALUES (1, 2, 1, 1, 1, 2);
INSERT INTO pattern_odd_even (type_1, type_2, type_3, type_4, type_5, type_6) VALUES (1, 1, 1, 2, 2, 1);
INSERT INTO pattern_odd_even (type_1, type_2, type_3, type_4, type_5, type_6) VALUES (1, 1, 2, 1, 2, 1);
INSERT INTO pattern_odd_even (type_1, type_2, type_3, type_4, type_5, type_6) VALUES (1, 2, 1, 1, 2, 1);
INSERT INTO pattern_odd_even (type_1, type_2, type_3, type_4, type_5, type_6) VALUES (1, 1, 2, 2, 1, 1);
INSERT INTO pattern_odd_even (type_1, type_2, type_3, type_4, type_5, type_6) VALUES (1, 2, 1, 2, 1, 1);
INSERT INTO pattern_odd_even (type_1, type_2, type_3, type_4, type_5, type_6) VALUES (1, 2, 2, 1, 1, 1);
INSERT INTO pattern_odd_even (type_1, type_2, type_3, type_4, type_5, type_6) VALUES (1, 1, 1, 2, 2, 2);
INSERT INTO pattern_odd_even (type_1, type_2, type_3, type_4, type_5, type_6) VALUES (1, 1, 2, 1, 2, 2);
INSERT INTO pattern_odd_even (type_1, type_2, type_3, type_4, type_5, type_6) VALUES (1, 2, 1, 1, 2, 2);
INSERT INTO pattern_odd_even (type_1, type_2, type_3, type_4, type_5, type_6) VALUES (1, 1, 2, 2, 1, 2);
INSERT INTO pattern_odd_even (type_1, type_2, type_3, type_4, type_5, type_6) VALUES (1, 2, 1, 2, 1, 2);
INSERT INTO pattern_odd_even (type_1, type_2, type_3, type_4, type_5, type_6) VALUES (1, 2, 2, 1, 1, 2);
INSERT INTO pattern_odd_even (type_1, type_2, type_3, type_4, type_5, type_6) VALUES (1, 1, 2, 2, 2, 1);
INSERT INTO pattern_odd_even (type_1, type_2, type_3, type_4, type_5, type_6) VALUES (1, 2, 1, 2, 2, 1);
INSERT INTO pattern_odd_even (type_1, type_2, type_3, type_4, type_5, type_6) VALUES (1, 2, 2, 1, 2, 1);
INSERT INTO pattern_odd_even (type_1, type_2, type_3, type_4, type_5, type_6) VALUES (1, 2, 2, 2, 1, 1);
INSERT INTO pattern_odd_even (type_1, type_2, type_3, type_4, type_5, type_6) VALUES (1, 1, 2, 2, 2, 2);
INSERT INTO pattern_odd_even (type_1, type_2, type_3, type_4, type_5, type_6) VALUES (1, 2, 1, 2, 2, 2);
INSERT INTO pattern_odd_even (type_1, type_2, type_3, type_4, type_5, type_6) VALUES (1, 2, 2, 1, 2, 2);
INSERT INTO pattern_odd_even (type_1, type_2, type_3, type_4, type_5, type_6) VALUES (1, 2, 2, 2, 1, 2);
INSERT INTO pattern_odd_even (type_1, type_2, type_3, type_4, type_5, type_6) VALUES (1, 2, 2, 2, 2, 1);
INSERT INTO pattern_odd_even (type_1, type_2, type_3, type_4, type_5, type_6) VALUES (1, 2, 2, 2, 2, 2);



INSERT INTO pattern_five_tens_nine (pattern_thirty_twentynine_id, column_1, column_2, column_3, column_4, column_5, column_6, total_combination) VALUES (1, 6, 0, 0, 0, 0, 0, 210);
INSERT INTO pattern_five_tens_nine (pattern_thirty_twentynine_id, column_1, column_2, column_3, column_4, column_5, column_6, total_combination) VALUES (1, 5, 1, 0, 0, 0, 0, 2520);
INSERT INTO pattern_five_tens_nine (pattern_thirty_twentynine_id, column_1, column_2, column_3, column_4, column_5, column_6, total_combination) VALUES (1, 5, 0, 1, 0, 0, 0, 2520);
INSERT INTO pattern_five_tens_nine (pattern_thirty_twentynine_id, column_1, column_2, column_3, column_4, column_5, column_6, total_combination) VALUES (1, 4, 2, 0, 0, 0, 0, 9450);
INSERT INTO pattern_five_tens_nine (pattern_thirty_twentynine_id, column_1, column_2, column_3, column_4, column_5, column_6, total_combination) VALUES (1, 4, 1, 1, 0, 0, 0, 21000);
INSERT INTO pattern_five_tens_nine (pattern_thirty_twentynine_id, column_1, column_2, column_3, column_4, column_5, column_6, total_combination) VALUES (1, 4, 0, 2, 0, 0, 0, 9450);
INSERT INTO pattern_five_tens_nine (pattern_thirty_twentynine_id, column_1, column_2, column_3, column_4, column_5, column_6, total_combination) VALUES (1, 3, 3, 0, 0, 0, 0, 14400);
INSERT INTO pattern_five_tens_nine (pattern_thirty_twentynine_id, column_1, column_2, column_3, column_4, column_5, column_6, total_combination) VALUES (1, 3, 2, 1, 0, 0, 0, 54000);
INSERT INTO pattern_five_tens_nine (pattern_thirty_twentynine_id, column_1, column_2, column_3, column_4, column_5, column_6, total_combination) VALUES (1, 3, 1, 2, 0, 0, 0, 54000);
INSERT INTO pattern_five_tens_nine (pattern_thirty_twentynine_id, column_1, column_2, column_3, column_4, column_5, column_6, total_combination) VALUES (1, 3, 0, 3, 0, 0, 0, 14400);
INSERT INTO pattern_five_tens_nine (pattern_thirty_twentynine_id, column_1, column_2, column_3, column_4, column_5, column_6, total_combination) VALUES (1, 2, 4, 0, 0, 0, 0, 9450);
INSERT INTO pattern_five_tens_nine (pattern_thirty_twentynine_id, column_1, column_2, column_3, column_4, column_5, column_6, total_combination) VALUES (1, 2, 3, 1, 0, 0, 0, 54000);
INSERT INTO pattern_five_tens_nine (pattern_thirty_twentynine_id, column_1, column_2, column_3, column_4, column_5, column_6, total_combination) VALUES (1, 2, 2, 2, 0, 0, 0, 91125);
INSERT INTO pattern_five_tens_nine (pattern_thirty_twentynine_id, column_1, column_2, column_3, column_4, column_5, column_6, total_combination) VALUES (1, 2, 1, 3, 0, 0, 0, 54000);
INSERT INTO pattern_five_tens_nine (pattern_thirty_twentynine_id, column_1, column_2, column_3, column_4, column_5, column_6, total_combination) VALUES (1, 2, 0, 4, 0, 0, 0, 9450);
INSERT INTO pattern_five_tens_nine (pattern_thirty_twentynine_id, column_1, column_2, column_3, column_4, column_5, column_6, total_combination) VALUES (1, 1, 5, 0, 0, 0, 0, 2520);
INSERT INTO pattern_five_tens_nine (pattern_thirty_twentynine_id, column_1, column_2, column_3, column_4, column_5, column_6, total_combination) VALUES (1, 1, 4, 1, 0, 0, 0, 21000);
INSERT INTO pattern_five_tens_nine (pattern_thirty_twentynine_id, column_1, column_2, column_3, column_4, column_5, column_6, total_combination) VALUES (1, 1, 3, 2, 0, 0, 0, 54000);
INSERT INTO pattern_five_tens_nine (pattern_thirty_twentynine_id, column_1, column_2, column_3, column_4, column_5, column_6, total_combination) VALUES (1, 1, 2, 3, 0, 0, 0, 54000);
INSERT INTO pattern_five_tens_nine (pattern_thirty_twentynine_id, column_1, column_2, column_3, column_4, column_5, column_6, total_combination) VALUES (1, 1, 1, 4, 0, 0, 0, 21000);
INSERT INTO pattern_five_tens_nine (pattern_thirty_twentynine_id, column_1, column_2, column_3, column_4, column_5, column_6, total_combination) VALUES (1, 1, 0, 5, 0, 0, 0, 2520);
INSERT INTO pattern_five_tens_nine (pattern_thirty_twentynine_id, column_1, column_2, column_3, column_4, column_5, column_6, total_combination) VALUES (1, 0, 6, 0, 0, 0, 0, 210);
INSERT INTO pattern_five_tens_nine (pattern_thirty_twentynine_id, column_1, column_2, column_3, column_4, column_5, column_6, total_combination) VALUES (1, 0, 5, 1, 0, 0, 0, 2520);
INSERT INTO pattern_five_tens_nine (pattern_thirty_twentynine_id, column_1, column_2, column_3, column_4, column_5, column_6, total_combination) VALUES (1, 0, 4, 2, 0, 0, 0, 9450);
INSERT INTO pattern_five_tens_nine (pattern_thirty_twentynine_id, column_1, column_2, column_3, column_4, column_5, column_6, total_combination) VALUES (1, 0, 3, 3, 0, 0, 0, 14400);
INSERT INTO pattern_five_tens_nine (pattern_thirty_twentynine_id, column_1, column_2, column_3, column_4, column_5, column_6, total_combination) VALUES (1, 0, 2, 4, 0, 0, 0, 9450);
INSERT INTO pattern_five_tens_nine (pattern_thirty_twentynine_id, column_1, column_2, column_3, column_4, column_5, column_6, total_combination) VALUES (1, 0, 1, 5, 0, 0, 0, 2520);
INSERT INTO pattern_five_tens_nine (pattern_thirty_twentynine_id, column_1, column_2, column_3, column_4, column_5, column_6, total_combination) VALUES (1, 0, 0, 6, 0, 0, 0, 210);
INSERT INTO pattern_five_tens_nine (pattern_thirty_twentynine_id, column_1, column_2, column_3, column_4, column_5, column_6, total_combination) VALUES (2, 5, 0, 0, 1, 0, 0, 2520);
INSERT INTO pattern_five_tens_nine (pattern_thirty_twentynine_id, column_1, column_2, column_3, column_4, column_5, column_6, total_combination) VALUES (2, 5, 0, 0, 0, 1, 0, 2520);
INSERT INTO pattern_five_tens_nine (pattern_thirty_twentynine_id, column_1, column_2, column_3, column_4, column_5, column_6, total_combination) VALUES (2, 5, 0, 0, 0, 0, 1, 2268);
INSERT INTO pattern_five_tens_nine (pattern_thirty_twentynine_id, column_1, column_2, column_3, column_4, column_5, column_6, total_combination) VALUES (2, 4, 1, 0, 1, 0, 0, 21000);
INSERT INTO pattern_five_tens_nine (pattern_thirty_twentynine_id, column_1, column_2, column_3, column_4, column_5, column_6, total_combination) VALUES (2, 4, 1, 0, 0, 1, 0, 21000);
INSERT INTO pattern_five_tens_nine (pattern_thirty_twentynine_id, column_1, column_2, column_3, column_4, column_5, column_6, total_combination) VALUES (2, 4, 1, 0, 0, 0, 1, 18900);
INSERT INTO pattern_five_tens_nine (pattern_thirty_twentynine_id, column_1, column_2, column_3, column_4, column_5, column_6, total_combination) VALUES (2, 4, 0, 1, 1, 0, 0, 21000);
INSERT INTO pattern_five_tens_nine (pattern_thirty_twentynine_id, column_1, column_2, column_3, column_4, column_5, column_6, total_combination) VALUES (2, 4, 0, 1, 0, 1, 0, 21000);
INSERT INTO pattern_five_tens_nine (pattern_thirty_twentynine_id, column_1, column_2, column_3, column_4, column_5, column_6, total_combination) VALUES (2, 4, 0, 1, 0, 0, 1, 18900);
INSERT INTO pattern_five_tens_nine (pattern_thirty_twentynine_id, column_1, column_2, column_3, column_4, column_5, column_6, total_combination) VALUES (2, 3, 2, 0, 1, 0, 0, 54000);
INSERT INTO pattern_five_tens_nine (pattern_thirty_twentynine_id, column_1, column_2, column_3, column_4, column_5, column_6, total_combination) VALUES (2, 3, 2, 0, 0, 1, 0, 54000);
INSERT INTO pattern_five_tens_nine (pattern_thirty_twentynine_id, column_1, column_2, column_3, column_4, column_5, column_6, total_combination) VALUES (2, 3, 2, 0, 0, 0, 1, 48600);
INSERT INTO pattern_five_tens_nine (pattern_thirty_twentynine_id, column_1, column_2, column_3, column_4, column_5, column_6, total_combination) VALUES (2, 3, 1, 1, 1, 0, 0, 120000);
INSERT INTO pattern_five_tens_nine (pattern_thirty_twentynine_id, column_1, column_2, column_3, column_4, column_5, column_6, total_combination) VALUES (2, 3, 1, 1, 0, 1, 0, 120000);
INSERT INTO pattern_five_tens_nine (pattern_thirty_twentynine_id, column_1, column_2, column_3, column_4, column_5, column_6, total_combination) VALUES (2, 3, 1, 1, 0, 0, 1, 108000);
INSERT INTO pattern_five_tens_nine (pattern_thirty_twentynine_id, column_1, column_2, column_3, column_4, column_5, column_6, total_combination) VALUES (2, 3, 0, 2, 1, 0, 0, 54000);
INSERT INTO pattern_five_tens_nine (pattern_thirty_twentynine_id, column_1, column_2, column_3, column_4, column_5, column_6, total_combination) VALUES (2, 3, 0, 2, 0, 1, 0, 54000);
INSERT INTO pattern_five_tens_nine (pattern_thirty_twentynine_id, column_1, column_2, column_3, column_4, column_5, column_6, total_combination) VALUES (2, 3, 0, 2, 0, 0, 1, 48600);
INSERT INTO pattern_five_tens_nine (pattern_thirty_twentynine_id, column_1, column_2, column_3, column_4, column_5, column_6, total_combination) VALUES (2, 2, 3, 0, 1, 0, 0, 54000);
INSERT INTO pattern_five_tens_nine (pattern_thirty_twentynine_id, column_1, column_2, column_3, column_4, column_5, column_6, total_combination) VALUES (2, 2, 3, 0, 0, 1, 0, 54000);
INSERT INTO pattern_five_tens_nine (pattern_thirty_twentynine_id, column_1, column_2, column_3, column_4, column_5, column_6, total_combination) VALUES (2, 2, 3, 0, 0, 0, 1, 48600);
INSERT INTO pattern_five_tens_nine (pattern_thirty_twentynine_id, column_1, column_2, column_3, column_4, column_5, column_6, total_combination) VALUES (2, 2, 2, 1, 1, 0, 0, 202500);
INSERT INTO pattern_five_tens_nine (pattern_thirty_twentynine_id, column_1, column_2, column_3, column_4, column_5, column_6, total_combination) VALUES (2, 2, 2, 1, 0, 1, 0, 202500);
INSERT INTO pattern_five_tens_nine (pattern_thirty_twentynine_id, column_1, column_2, column_3, column_4, column_5, column_6, total_combination) VALUES (2, 2, 2, 1, 0, 0, 1, 182250);
INSERT INTO pattern_five_tens_nine (pattern_thirty_twentynine_id, column_1, column_2, column_3, column_4, column_5, column_6, total_combination) VALUES (2, 2, 1, 2, 1, 0, 0, 202500);
INSERT INTO pattern_five_tens_nine (pattern_thirty_twentynine_id, column_1, column_2, column_3, column_4, column_5, column_6, total_combination) VALUES (2, 2, 1, 2, 0, 1, 0, 202500);
INSERT INTO pattern_five_tens_nine (pattern_thirty_twentynine_id, column_1, column_2, column_3, column_4, column_5, column_6, total_combination) VALUES (2, 2, 1, 2, 0, 0, 1, 182250);
INSERT INTO pattern_five_tens_nine (pattern_thirty_twentynine_id, column_1, column_2, column_3, column_4, column_5, column_6, total_combination) VALUES (2, 2, 0, 3, 1, 0, 0, 54000);
INSERT INTO pattern_five_tens_nine (pattern_thirty_twentynine_id, column_1, column_2, column_3, column_4, column_5, column_6, total_combination) VALUES (2, 2, 0, 3, 0, 1, 0, 54000);
INSERT INTO pattern_five_tens_nine (pattern_thirty_twentynine_id, column_1, column_2, column_3, column_4, column_5, column_6, total_combination) VALUES (2, 2, 0, 3, 0, 0, 1, 48600);
INSERT INTO pattern_five_tens_nine (pattern_thirty_twentynine_id, column_1, column_2, column_3, column_4, column_5, column_6, total_combination) VALUES (2, 1, 4, 0, 1, 0, 0, 21000);
INSERT INTO pattern_five_tens_nine (pattern_thirty_twentynine_id, column_1, column_2, column_3, column_4, column_5, column_6, total_combination) VALUES (2, 1, 4, 0, 0, 1, 0, 21000);
INSERT INTO pattern_five_tens_nine (pattern_thirty_twentynine_id, column_1, column_2, column_3, column_4, column_5, column_6, total_combination) VALUES (2, 1, 4, 0, 0, 0, 1, 18900);
INSERT INTO pattern_five_tens_nine (pattern_thirty_twentynine_id, column_1, column_2, column_3, column_4, column_5, column_6, total_combination) VALUES (2, 1, 3, 1, 1, 0, 0, 120000);
INSERT INTO pattern_five_tens_nine (pattern_thirty_twentynine_id, column_1, column_2, column_3, column_4, column_5, column_6, total_combination) VALUES (2, 1, 3, 1, 0, 1, 0, 120000);
INSERT INTO pattern_five_tens_nine (pattern_thirty_twentynine_id, column_1, column_2, column_3, column_4, column_5, column_6, total_combination) VALUES (2, 1, 3, 1, 0, 0, 1, 108000);
INSERT INTO pattern_five_tens_nine (pattern_thirty_twentynine_id, column_1, column_2, column_3, column_4, column_5, column_6, total_combination) VALUES (2, 1, 2, 2, 1, 0, 0, 202500);
INSERT INTO pattern_five_tens_nine (pattern_thirty_twentynine_id, column_1, column_2, column_3, column_4, column_5, column_6, total_combination) VALUES (2, 1, 2, 2, 0, 1, 0, 202500);
INSERT INTO pattern_five_tens_nine (pattern_thirty_twentynine_id, column_1, column_2, column_3, column_4, column_5, column_6, total_combination) VALUES (2, 1, 2, 2, 0, 0, 1, 182250);
INSERT INTO pattern_five_tens_nine (pattern_thirty_twentynine_id, column_1, column_2, column_3, column_4, column_5, column_6, total_combination) VALUES (2, 1, 1, 3, 1, 0, 0, 120000);
INSERT INTO pattern_five_tens_nine (pattern_thirty_twentynine_id, column_1, column_2, column_3, column_4, column_5, column_6, total_combination) VALUES (2, 1, 1, 3, 0, 1, 0, 120000);
INSERT INTO pattern_five_tens_nine (pattern_thirty_twentynine_id, column_1, column_2, column_3, column_4, column_5, column_6, total_combination) VALUES (2, 1, 1, 3, 0, 0, 1, 108000);
INSERT INTO pattern_five_tens_nine (pattern_thirty_twentynine_id, column_1, column_2, column_3, column_4, column_5, column_6, total_combination) VALUES (2, 1, 0, 4, 1, 0, 0, 21000);
INSERT INTO pattern_five_tens_nine (pattern_thirty_twentynine_id, column_1, column_2, column_3, column_4, column_5, column_6, total_combination) VALUES (2, 1, 0, 4, 0, 1, 0, 21000);
INSERT INTO pattern_five_tens_nine (pattern_thirty_twentynine_id, column_1, column_2, column_3, column_4, column_5, column_6, total_combination) VALUES (2, 1, 0, 4, 0, 0, 1, 18900);
INSERT INTO pattern_five_tens_nine (pattern_thirty_twentynine_id, column_1, column_2, column_3, column_4, column_5, column_6, total_combination) VALUES (2, 0, 5, 0, 1, 0, 0, 2520);
INSERT INTO pattern_five_tens_nine (pattern_thirty_twentynine_id, column_1, column_2, column_3, column_4, column_5, column_6, total_combination) VALUES (2, 0, 5, 0, 0, 1, 0, 2520);
INSERT INTO pattern_five_tens_nine (pattern_thirty_twentynine_id, column_1, column_2, column_3, column_4, column_5, column_6, total_combination) VALUES (2, 0, 5, 0, 0, 0, 1, 2268);
INSERT INTO pattern_five_tens_nine (pattern_thirty_twentynine_id, column_1, column_2, column_3, column_4, column_5, column_6, total_combination) VALUES (2, 0, 4, 1, 1, 0, 0, 21000);
INSERT INTO pattern_five_tens_nine (pattern_thirty_twentynine_id, column_1, column_2, column_3, column_4, column_5, column_6, total_combination) VALUES (2, 0, 4, 1, 0, 1, 0, 21000);
INSERT INTO pattern_five_tens_nine (pattern_thirty_twentynine_id, column_1, column_2, column_3, column_4, column_5, column_6, total_combination) VALUES (2, 0, 4, 1, 0, 0, 1, 18900);
INSERT INTO pattern_five_tens_nine (pattern_thirty_twentynine_id, column_1, column_2, column_3, column_4, column_5, column_6, total_combination) VALUES (2, 0, 3, 2, 1, 0, 0, 54000);
INSERT INTO pattern_five_tens_nine (pattern_thirty_twentynine_id, column_1, column_2, column_3, column_4, column_5, column_6, total_combination) VALUES (2, 0, 3, 2, 0, 1, 0, 54000);
INSERT INTO pattern_five_tens_nine (pattern_thirty_twentynine_id, column_1, column_2, column_3, column_4, column_5, column_6, total_combination) VALUES (2, 0, 3, 2, 0, 0, 1, 48600);
INSERT INTO pattern_five_tens_nine (pattern_thirty_twentynine_id, column_1, column_2, column_3, column_4, column_5, column_6, total_combination) VALUES (2, 0, 2, 3, 1, 0, 0, 54000);
INSERT INTO pattern_five_tens_nine (pattern_thirty_twentynine_id, column_1, column_2, column_3, column_4, column_5, column_6, total_combination) VALUES (2, 0, 2, 3, 0, 1, 0, 54000);
INSERT INTO pattern_five_tens_nine (pattern_thirty_twentynine_id, column_1, column_2, column_3, column_4, column_5, column_6, total_combination) VALUES (2, 0, 2, 3, 0, 0, 1, 48600);
INSERT INTO pattern_five_tens_nine (pattern_thirty_twentynine_id, column_1, column_2, column_3, column_4, column_5, column_6, total_combination) VALUES (2, 0, 1, 4, 1, 0, 0, 21000);
INSERT INTO pattern_five_tens_nine (pattern_thirty_twentynine_id, column_1, column_2, column_3, column_4, column_5, column_6, total_combination) VALUES (2, 0, 1, 4, 0, 1, 0, 21000);
INSERT INTO pattern_five_tens_nine (pattern_thirty_twentynine_id, column_1, column_2, column_3, column_4, column_5, column_6, total_combination) VALUES (2, 0, 1, 4, 0, 0, 1, 18900);
INSERT INTO pattern_five_tens_nine (pattern_thirty_twentynine_id, column_1, column_2, column_3, column_4, column_5, column_6, total_combination) VALUES (2, 0, 0, 5, 1, 0, 0, 2520);
INSERT INTO pattern_five_tens_nine (pattern_thirty_twentynine_id, column_1, column_2, column_3, column_4, column_5, column_6, total_combination) VALUES (2, 0, 0, 5, 0, 1, 0, 2520);
INSERT INTO pattern_five_tens_nine (pattern_thirty_twentynine_id, column_1, column_2, column_3, column_4, column_5, column_6, total_combination) VALUES (2, 0, 0, 5, 0, 0, 1, 2268);
INSERT INTO pattern_five_tens_nine (pattern_thirty_twentynine_id, column_1, column_2, column_3, column_4, column_5, column_6, total_combination) VALUES (3, 4, 0, 0, 2, 0, 0, 9450);
INSERT INTO pattern_five_tens_nine (pattern_thirty_twentynine_id, column_1, column_2, column_3, column_4, column_5, column_6, total_combination) VALUES (3, 4, 0, 0, 1, 1, 0, 21000);
INSERT INTO pattern_five_tens_nine (pattern_thirty_twentynine_id, column_1, column_2, column_3, column_4, column_5, column_6, total_combination) VALUES (3, 4, 0, 0, 1, 0, 1, 18900);
INSERT INTO pattern_five_tens_nine (pattern_thirty_twentynine_id, column_1, column_2, column_3, column_4, column_5, column_6, total_combination) VALUES (3, 4, 0, 0, 0, 2, 0, 9450);
INSERT INTO pattern_five_tens_nine (pattern_thirty_twentynine_id, column_1, column_2, column_3, column_4, column_5, column_6, total_combination) VALUES (3, 4, 0, 0, 0, 1, 1, 18900);
INSERT INTO pattern_five_tens_nine (pattern_thirty_twentynine_id, column_1, column_2, column_3, column_4, column_5, column_6, total_combination) VALUES (3, 4, 0, 0, 0, 0, 2, 7560);
INSERT INTO pattern_five_tens_nine (pattern_thirty_twentynine_id, column_1, column_2, column_3, column_4, column_5, column_6, total_combination) VALUES (3, 3, 1, 0, 2, 0, 0, 54000);
INSERT INTO pattern_five_tens_nine (pattern_thirty_twentynine_id, column_1, column_2, column_3, column_4, column_5, column_6, total_combination) VALUES (3, 3, 1, 0, 1, 1, 0, 120000);
INSERT INTO pattern_five_tens_nine (pattern_thirty_twentynine_id, column_1, column_2, column_3, column_4, column_5, column_6, total_combination) VALUES (3, 3, 1, 0, 1, 0, 1, 108000);
INSERT INTO pattern_five_tens_nine (pattern_thirty_twentynine_id, column_1, column_2, column_3, column_4, column_5, column_6, total_combination) VALUES (3, 3, 1, 0, 0, 2, 0, 54000);
INSERT INTO pattern_five_tens_nine (pattern_thirty_twentynine_id, column_1, column_2, column_3, column_4, column_5, column_6, total_combination) VALUES (3, 3, 1, 0, 0, 1, 1, 108000);
INSERT INTO pattern_five_tens_nine (pattern_thirty_twentynine_id, column_1, column_2, column_3, column_4, column_5, column_6, total_combination) VALUES (3, 3, 1, 0, 0, 0, 2, 43200);
INSERT INTO pattern_five_tens_nine (pattern_thirty_twentynine_id, column_1, column_2, column_3, column_4, column_5, column_6, total_combination) VALUES (3, 3, 0, 1, 2, 0, 0, 54000);
INSERT INTO pattern_five_tens_nine (pattern_thirty_twentynine_id, column_1, column_2, column_3, column_4, column_5, column_6, total_combination) VALUES (3, 3, 0, 1, 1, 1, 0, 120000);
INSERT INTO pattern_five_tens_nine (pattern_thirty_twentynine_id, column_1, column_2, column_3, column_4, column_5, column_6, total_combination) VALUES (3, 3, 0, 1, 1, 0, 1, 108000);
INSERT INTO pattern_five_tens_nine (pattern_thirty_twentynine_id, column_1, column_2, column_3, column_4, column_5, column_6, total_combination) VALUES (3, 3, 0, 1, 0, 2, 0, 54000);
INSERT INTO pattern_five_tens_nine (pattern_thirty_twentynine_id, column_1, column_2, column_3, column_4, column_5, column_6, total_combination) VALUES (3, 3, 0, 1, 0, 1, 1, 108000);
INSERT INTO pattern_five_tens_nine (pattern_thirty_twentynine_id, column_1, column_2, column_3, column_4, column_5, column_6, total_combination) VALUES (3, 3, 0, 1, 0, 0, 2, 43200);
INSERT INTO pattern_five_tens_nine (pattern_thirty_twentynine_id, column_1, column_2, column_3, column_4, column_5, column_6, total_combination) VALUES (3, 2, 2, 0, 2, 0, 0, 91125);
INSERT INTO pattern_five_tens_nine (pattern_thirty_twentynine_id, column_1, column_2, column_3, column_4, column_5, column_6, total_combination) VALUES (3, 2, 2, 0, 1, 1, 0, 202500);
INSERT INTO pattern_five_tens_nine (pattern_thirty_twentynine_id, column_1, column_2, column_3, column_4, column_5, column_6, total_combination) VALUES (3, 2, 2, 0, 1, 0, 1, 182250);
INSERT INTO pattern_five_tens_nine (pattern_thirty_twentynine_id, column_1, column_2, column_3, column_4, column_5, column_6, total_combination) VALUES (3, 2, 2, 0, 0, 2, 0, 91125);
INSERT INTO pattern_five_tens_nine (pattern_thirty_twentynine_id, column_1, column_2, column_3, column_4, column_5, column_6, total_combination) VALUES (3, 2, 2, 0, 0, 1, 1, 182250);
INSERT INTO pattern_five_tens_nine (pattern_thirty_twentynine_id, column_1, column_2, column_3, column_4, column_5, column_6, total_combination) VALUES (3, 2, 2, 0, 0, 0, 2, 72900);
INSERT INTO pattern_five_tens_nine (pattern_thirty_twentynine_id, column_1, column_2, column_3, column_4, column_5, column_6, total_combination) VALUES (3, 2, 1, 1, 2, 0, 0, 202500);
INSERT INTO pattern_five_tens_nine (pattern_thirty_twentynine_id, column_1, column_2, column_3, column_4, column_5, column_6, total_combination) VALUES (3, 2, 1, 1, 1, 1, 0, 450000);
INSERT INTO pattern_five_tens_nine (pattern_thirty_twentynine_id, column_1, column_2, column_3, column_4, column_5, column_6, total_combination) VALUES (3, 2, 1, 1, 1, 0, 1, 405000);
INSERT INTO pattern_five_tens_nine (pattern_thirty_twentynine_id, column_1, column_2, column_3, column_4, column_5, column_6, total_combination) VALUES (3, 2, 1, 1, 0, 2, 0, 202500);
INSERT INTO pattern_five_tens_nine (pattern_thirty_twentynine_id, column_1, column_2, column_3, column_4, column_5, column_6, total_combination) VALUES (3, 2, 1, 1, 0, 1, 1, 405000);
INSERT INTO pattern_five_tens_nine (pattern_thirty_twentynine_id, column_1, column_2, column_3, column_4, column_5, column_6, total_combination) VALUES (3, 2, 1, 1, 0, 0, 2, 162000);
INSERT INTO pattern_five_tens_nine (pattern_thirty_twentynine_id, column_1, column_2, column_3, column_4, column_5, column_6, total_combination) VALUES (3, 2, 0, 2, 2, 0, 0, 91125);
INSERT INTO pattern_five_tens_nine (pattern_thirty_twentynine_id, column_1, column_2, column_3, column_4, column_5, column_6, total_combination) VALUES (3, 2, 0, 2, 1, 1, 0, 202500);
INSERT INTO pattern_five_tens_nine (pattern_thirty_twentynine_id, column_1, column_2, column_3, column_4, column_5, column_6, total_combination) VALUES (3, 2, 0, 2, 1, 0, 1, 182250);
INSERT INTO pattern_five_tens_nine (pattern_thirty_twentynine_id, column_1, column_2, column_3, column_4, column_5, column_6, total_combination) VALUES (3, 2, 0, 2, 0, 2, 0, 91125);
INSERT INTO pattern_five_tens_nine (pattern_thirty_twentynine_id, column_1, column_2, column_3, column_4, column_5, column_6, total_combination) VALUES (3, 2, 0, 2, 0, 1, 1, 182250);
INSERT INTO pattern_five_tens_nine (pattern_thirty_twentynine_id, column_1, column_2, column_3, column_4, column_5, column_6, total_combination) VALUES (3, 2, 0, 2, 0, 0, 2, 72900);
INSERT INTO pattern_five_tens_nine (pattern_thirty_twentynine_id, column_1, column_2, column_3, column_4, column_5, column_6, total_combination) VALUES (3, 1, 3, 0, 2, 0, 0, 54000);
INSERT INTO pattern_five_tens_nine (pattern_thirty_twentynine_id, column_1, column_2, column_3, column_4, column_5, column_6, total_combination) VALUES (3, 1, 3, 0, 1, 1, 0, 120000);
INSERT INTO pattern_five_tens_nine (pattern_thirty_twentynine_id, column_1, column_2, column_3, column_4, column_5, column_6, total_combination) VALUES (3, 1, 3, 0, 1, 0, 1, 108000);
INSERT INTO pattern_five_tens_nine (pattern_thirty_twentynine_id, column_1, column_2, column_3, column_4, column_5, column_6, total_combination) VALUES (3, 1, 3, 0, 0, 2, 0, 54000);
INSERT INTO pattern_five_tens_nine (pattern_thirty_twentynine_id, column_1, column_2, column_3, column_4, column_5, column_6, total_combination) VALUES (3, 1, 3, 0, 0, 1, 1, 108000);
INSERT INTO pattern_five_tens_nine (pattern_thirty_twentynine_id, column_1, column_2, column_3, column_4, column_5, column_6, total_combination) VALUES (3, 1, 3, 0, 0, 0, 2, 43200);
INSERT INTO pattern_five_tens_nine (pattern_thirty_twentynine_id, column_1, column_2, column_3, column_4, column_5, column_6, total_combination) VALUES (3, 1, 2, 1, 2, 0, 0, 202500);
INSERT INTO pattern_five_tens_nine (pattern_thirty_twentynine_id, column_1, column_2, column_3, column_4, column_5, column_6, total_combination) VALUES (3, 1, 2, 1, 1, 1, 0, 450000);
INSERT INTO pattern_five_tens_nine (pattern_thirty_twentynine_id, column_1, column_2, column_3, column_4, column_5, column_6, total_combination) VALUES (3, 1, 2, 1, 1, 0, 1, 405000);
INSERT INTO pattern_five_tens_nine (pattern_thirty_twentynine_id, column_1, column_2, column_3, column_4, column_5, column_6, total_combination) VALUES (3, 1, 2, 1, 0, 2, 0, 202500);
INSERT INTO pattern_five_tens_nine (pattern_thirty_twentynine_id, column_1, column_2, column_3, column_4, column_5, column_6, total_combination) VALUES (3, 1, 2, 1, 0, 1, 1, 405000);
INSERT INTO pattern_five_tens_nine (pattern_thirty_twentynine_id, column_1, column_2, column_3, column_4, column_5, column_6, total_combination) VALUES (3, 1, 2, 1, 0, 0, 2, 162000);
INSERT INTO pattern_five_tens_nine (pattern_thirty_twentynine_id, column_1, column_2, column_3, column_4, column_5, column_6, total_combination) VALUES (3, 1, 1, 2, 2, 0, 0, 202500);
INSERT INTO pattern_five_tens_nine (pattern_thirty_twentynine_id, column_1, column_2, column_3, column_4, column_5, column_6, total_combination) VALUES (3, 1, 1, 2, 1, 1, 0, 450000);
INSERT INTO pattern_five_tens_nine (pattern_thirty_twentynine_id, column_1, column_2, column_3, column_4, column_5, column_6, total_combination) VALUES (3, 1, 1, 2, 1, 0, 1, 405000);
INSERT INTO pattern_five_tens_nine (pattern_thirty_twentynine_id, column_1, column_2, column_3, column_4, column_5, column_6, total_combination) VALUES (3, 1, 1, 2, 0, 2, 0, 202500);
INSERT INTO pattern_five_tens_nine (pattern_thirty_twentynine_id, column_1, column_2, column_3, column_4, column_5, column_6, total_combination) VALUES (3, 1, 1, 2, 0, 1, 1, 405000);
INSERT INTO pattern_five_tens_nine (pattern_thirty_twentynine_id, column_1, column_2, column_3, column_4, column_5, column_6, total_combination) VALUES (3, 1, 1, 2, 0, 0, 2, 162000);
INSERT INTO pattern_five_tens_nine (pattern_thirty_twentynine_id, column_1, column_2, column_3, column_4, column_5, column_6, total_combination) VALUES (3, 1, 0, 3, 2, 0, 0, 54000);
INSERT INTO pattern_five_tens_nine (pattern_thirty_twentynine_id, column_1, column_2, column_3, column_4, column_5, column_6, total_combination) VALUES (3, 1, 0, 3, 1, 1, 0, 120000);
INSERT INTO pattern_five_tens_nine (pattern_thirty_twentynine_id, column_1, column_2, column_3, column_4, column_5, column_6, total_combination) VALUES (3, 1, 0, 3, 1, 0, 1, 108000);
INSERT INTO pattern_five_tens_nine (pattern_thirty_twentynine_id, column_1, column_2, column_3, column_4, column_5, column_6, total_combination) VALUES (3, 1, 0, 3, 0, 2, 0, 54000);
INSERT INTO pattern_five_tens_nine (pattern_thirty_twentynine_id, column_1, column_2, column_3, column_4, column_5, column_6, total_combination) VALUES (3, 1, 0, 3, 0, 1, 1, 108000);
INSERT INTO pattern_five_tens_nine (pattern_thirty_twentynine_id, column_1, column_2, column_3, column_4, column_5, column_6, total_combination) VALUES (3, 1, 0, 3, 0, 0, 2, 43200);
INSERT INTO pattern_five_tens_nine (pattern_thirty_twentynine_id, column_1, column_2, column_3, column_4, column_5, column_6, total_combination) VALUES (3, 0, 4, 0, 2, 0, 0, 9450);
INSERT INTO pattern_five_tens_nine (pattern_thirty_twentynine_id, column_1, column_2, column_3, column_4, column_5, column_6, total_combination) VALUES (3, 0, 4, 0, 1, 1, 0, 21000);
INSERT INTO pattern_five_tens_nine (pattern_thirty_twentynine_id, column_1, column_2, column_3, column_4, column_5, column_6, total_combination) VALUES (3, 0, 4, 0, 1, 0, 1, 18900);
INSERT INTO pattern_five_tens_nine (pattern_thirty_twentynine_id, column_1, column_2, column_3, column_4, column_5, column_6, total_combination) VALUES (3, 0, 4, 0, 0, 2, 0, 9450);
INSERT INTO pattern_five_tens_nine (pattern_thirty_twentynine_id, column_1, column_2, column_3, column_4, column_5, column_6, total_combination) VALUES (3, 0, 4, 0, 0, 1, 1, 18900);
INSERT INTO pattern_five_tens_nine (pattern_thirty_twentynine_id, column_1, column_2, column_3, column_4, column_5, column_6, total_combination) VALUES (3, 0, 4, 0, 0, 0, 2, 7560);
INSERT INTO pattern_five_tens_nine (pattern_thirty_twentynine_id, column_1, column_2, column_3, column_4, column_5, column_6, total_combination) VALUES (3, 0, 3, 1, 2, 0, 0, 54000);
INSERT INTO pattern_five_tens_nine (pattern_thirty_twentynine_id, column_1, column_2, column_3, column_4, column_5, column_6, total_combination) VALUES (3, 0, 3, 1, 1, 1, 0, 120000);
INSERT INTO pattern_five_tens_nine (pattern_thirty_twentynine_id, column_1, column_2, column_3, column_4, column_5, column_6, total_combination) VALUES (3, 0, 3, 1, 1, 0, 1, 108000);
INSERT INTO pattern_five_tens_nine (pattern_thirty_twentynine_id, column_1, column_2, column_3, column_4, column_5, column_6, total_combination) VALUES (3, 0, 3, 1, 0, 2, 0, 54000);
INSERT INTO pattern_five_tens_nine (pattern_thirty_twentynine_id, column_1, column_2, column_3, column_4, column_5, column_6, total_combination) VALUES (3, 0, 3, 1, 0, 1, 1, 108000);
INSERT INTO pattern_five_tens_nine (pattern_thirty_twentynine_id, column_1, column_2, column_3, column_4, column_5, column_6, total_combination) VALUES (3, 0, 3, 1, 0, 0, 2, 43200);
INSERT INTO pattern_five_tens_nine (pattern_thirty_twentynine_id, column_1, column_2, column_3, column_4, column_5, column_6, total_combination) VALUES (3, 0, 2, 2, 2, 0, 0, 91125);
INSERT INTO pattern_five_tens_nine (pattern_thirty_twentynine_id, column_1, column_2, column_3, column_4, column_5, column_6, total_combination) VALUES (3, 0, 2, 2, 1, 1, 0, 202500);
INSERT INTO pattern_five_tens_nine (pattern_thirty_twentynine_id, column_1, column_2, column_3, column_4, column_5, column_6, total_combination) VALUES (3, 0, 2, 2, 1, 0, 1, 182250);
INSERT INTO pattern_five_tens_nine (pattern_thirty_twentynine_id, column_1, column_2, column_3, column_4, column_5, column_6, total_combination) VALUES (3, 0, 2, 2, 0, 2, 0, 91125);
INSERT INTO pattern_five_tens_nine (pattern_thirty_twentynine_id, column_1, column_2, column_3, column_4, column_5, column_6, total_combination) VALUES (3, 0, 2, 2, 0, 1, 1, 182250);
INSERT INTO pattern_five_tens_nine (pattern_thirty_twentynine_id, column_1, column_2, column_3, column_4, column_5, column_6, total_combination) VALUES (3, 0, 2, 2, 0, 0, 2, 72900);
INSERT INTO pattern_five_tens_nine (pattern_thirty_twentynine_id, column_1, column_2, column_3, column_4, column_5, column_6, total_combination) VALUES (3, 0, 1, 3, 2, 0, 0, 54000);
INSERT INTO pattern_five_tens_nine (pattern_thirty_twentynine_id, column_1, column_2, column_3, column_4, column_5, column_6, total_combination) VALUES (3, 0, 1, 3, 1, 1, 0, 120000);
INSERT INTO pattern_five_tens_nine (pattern_thirty_twentynine_id, column_1, column_2, column_3, column_4, column_5, column_6, total_combination) VALUES (3, 0, 1, 3, 1, 0, 1, 108000);
INSERT INTO pattern_five_tens_nine (pattern_thirty_twentynine_id, column_1, column_2, column_3, column_4, column_5, column_6, total_combination) VALUES (3, 0, 1, 3, 0, 2, 0, 54000);
INSERT INTO pattern_five_tens_nine (pattern_thirty_twentynine_id, column_1, column_2, column_3, column_4, column_5, column_6, total_combination) VALUES (3, 0, 1, 3, 0, 1, 1, 108000);
INSERT INTO pattern_five_tens_nine (pattern_thirty_twentynine_id, column_1, column_2, column_3, column_4, column_5, column_6, total_combination) VALUES (3, 0, 1, 3, 0, 0, 2, 43200);
INSERT INTO pattern_five_tens_nine (pattern_thirty_twentynine_id, column_1, column_2, column_3, column_4, column_5, column_6, total_combination) VALUES (3, 0, 0, 4, 2, 0, 0, 9450);
INSERT INTO pattern_five_tens_nine (pattern_thirty_twentynine_id, column_1, column_2, column_3, column_4, column_5, column_6, total_combination) VALUES (3, 0, 0, 4, 1, 1, 0, 21000);
INSERT INTO pattern_five_tens_nine (pattern_thirty_twentynine_id, column_1, column_2, column_3, column_4, column_5, column_6, total_combination) VALUES (3, 0, 0, 4, 1, 0, 1, 18900);
INSERT INTO pattern_five_tens_nine (pattern_thirty_twentynine_id, column_1, column_2, column_3, column_4, column_5, column_6, total_combination) VALUES (3, 0, 0, 4, 0, 2, 0, 9450);
INSERT INTO pattern_five_tens_nine (pattern_thirty_twentynine_id, column_1, column_2, column_3, column_4, column_5, column_6, total_combination) VALUES (3, 0, 0, 4, 0, 1, 1, 18900);
INSERT INTO pattern_five_tens_nine (pattern_thirty_twentynine_id, column_1, column_2, column_3, column_4, column_5, column_6, total_combination) VALUES (3, 0, 0, 4, 0, 0, 2, 7560);
INSERT INTO pattern_five_tens_nine (pattern_thirty_twentynine_id, column_1, column_2, column_3, column_4, column_5, column_6, total_combination) VALUES (4, 3, 0, 0, 3, 0, 0, 14400);
INSERT INTO pattern_five_tens_nine (pattern_thirty_twentynine_id, column_1, column_2, column_3, column_4, column_5, column_6, total_combination) VALUES (4, 3, 0, 0, 2, 1, 0, 54000);
INSERT INTO pattern_five_tens_nine (pattern_thirty_twentynine_id, column_1, column_2, column_3, column_4, column_5, column_6, total_combination) VALUES (4, 3, 0, 0, 2, 0, 1, 48600);
INSERT INTO pattern_five_tens_nine (pattern_thirty_twentynine_id, column_1, column_2, column_3, column_4, column_5, column_6, total_combination) VALUES (4, 3, 0, 0, 1, 2, 0, 54000);
INSERT INTO pattern_five_tens_nine (pattern_thirty_twentynine_id, column_1, column_2, column_3, column_4, column_5, column_6, total_combination) VALUES (4, 3, 0, 0, 1, 1, 1, 108000);
INSERT INTO pattern_five_tens_nine (pattern_thirty_twentynine_id, column_1, column_2, column_3, column_4, column_5, column_6, total_combination) VALUES (4, 3, 0, 0, 1, 0, 2, 43200);
INSERT INTO pattern_five_tens_nine (pattern_thirty_twentynine_id, column_1, column_2, column_3, column_4, column_5, column_6, total_combination) VALUES (4, 3, 0, 0, 0, 3, 0, 14400);
INSERT INTO pattern_five_tens_nine (pattern_thirty_twentynine_id, column_1, column_2, column_3, column_4, column_5, column_6, total_combination) VALUES (4, 3, 0, 0, 0, 2, 1, 48600);
INSERT INTO pattern_five_tens_nine (pattern_thirty_twentynine_id, column_1, column_2, column_3, column_4, column_5, column_6, total_combination) VALUES (4, 3, 0, 0, 0, 1, 2, 43200);
INSERT INTO pattern_five_tens_nine (pattern_thirty_twentynine_id, column_1, column_2, column_3, column_4, column_5, column_6, total_combination) VALUES (4, 3, 0, 0, 0, 0, 3, 10080);
INSERT INTO pattern_five_tens_nine (pattern_thirty_twentynine_id, column_1, column_2, column_3, column_4, column_5, column_6, total_combination) VALUES (4, 2, 1, 0, 3, 0, 0, 54000);
INSERT INTO pattern_five_tens_nine (pattern_thirty_twentynine_id, column_1, column_2, column_3, column_4, column_5, column_6, total_combination) VALUES (4, 2, 1, 0, 2, 1, 0, 202500);
INSERT INTO pattern_five_tens_nine (pattern_thirty_twentynine_id, column_1, column_2, column_3, column_4, column_5, column_6, total_combination) VALUES (4, 2, 1, 0, 2, 0, 1, 182250);
INSERT INTO pattern_five_tens_nine (pattern_thirty_twentynine_id, column_1, column_2, column_3, column_4, column_5, column_6, total_combination) VALUES (4, 2, 1, 0, 1, 2, 0, 202500);
INSERT INTO pattern_five_tens_nine (pattern_thirty_twentynine_id, column_1, column_2, column_3, column_4, column_5, column_6, total_combination) VALUES (4, 2, 1, 0, 1, 1, 1, 405000);
INSERT INTO pattern_five_tens_nine (pattern_thirty_twentynine_id, column_1, column_2, column_3, column_4, column_5, column_6, total_combination) VALUES (4, 2, 1, 0, 1, 0, 2, 162000);
INSERT INTO pattern_five_tens_nine (pattern_thirty_twentynine_id, column_1, column_2, column_3, column_4, column_5, column_6, total_combination) VALUES (4, 2, 1, 0, 0, 3, 0, 54000);
INSERT INTO pattern_five_tens_nine (pattern_thirty_twentynine_id, column_1, column_2, column_3, column_4, column_5, column_6, total_combination) VALUES (4, 2, 1, 0, 0, 2, 1, 182250);
INSERT INTO pattern_five_tens_nine (pattern_thirty_twentynine_id, column_1, column_2, column_3, column_4, column_5, column_6, total_combination) VALUES (4, 2, 1, 0, 0, 1, 2, 162000);
INSERT INTO pattern_five_tens_nine (pattern_thirty_twentynine_id, column_1, column_2, column_3, column_4, column_5, column_6, total_combination) VALUES (4, 2, 1, 0, 0, 0, 3, 37800);
INSERT INTO pattern_five_tens_nine (pattern_thirty_twentynine_id, column_1, column_2, column_3, column_4, column_5, column_6, total_combination) VALUES (4, 2, 0, 1, 3, 0, 0, 54000);
INSERT INTO pattern_five_tens_nine (pattern_thirty_twentynine_id, column_1, column_2, column_3, column_4, column_5, column_6, total_combination) VALUES (4, 2, 0, 1, 2, 1, 0, 202500);
INSERT INTO pattern_five_tens_nine (pattern_thirty_twentynine_id, column_1, column_2, column_3, column_4, column_5, column_6, total_combination) VALUES (4, 2, 0, 1, 2, 0, 1, 182250);
INSERT INTO pattern_five_tens_nine (pattern_thirty_twentynine_id, column_1, column_2, column_3, column_4, column_5, column_6, total_combination) VALUES (4, 2, 0, 1, 1, 2, 0, 202500);
INSERT INTO pattern_five_tens_nine (pattern_thirty_twentynine_id, column_1, column_2, column_3, column_4, column_5, column_6, total_combination) VALUES (4, 2, 0, 1, 1, 1, 1, 405000);
INSERT INTO pattern_five_tens_nine (pattern_thirty_twentynine_id, column_1, column_2, column_3, column_4, column_5, column_6, total_combination) VALUES (4, 2, 0, 1, 1, 0, 2, 162000);
INSERT INTO pattern_five_tens_nine (pattern_thirty_twentynine_id, column_1, column_2, column_3, column_4, column_5, column_6, total_combination) VALUES (4, 2, 0, 1, 0, 3, 0, 54000);
INSERT INTO pattern_five_tens_nine (pattern_thirty_twentynine_id, column_1, column_2, column_3, column_4, column_5, column_6, total_combination) VALUES (4, 2, 0, 1, 0, 2, 1, 182250);
INSERT INTO pattern_five_tens_nine (pattern_thirty_twentynine_id, column_1, column_2, column_3, column_4, column_5, column_6, total_combination) VALUES (4, 2, 0, 1, 0, 1, 2, 162000);
INSERT INTO pattern_five_tens_nine (pattern_thirty_twentynine_id, column_1, column_2, column_3, column_4, column_5, column_6, total_combination) VALUES (4, 2, 0, 1, 0, 0, 3, 37800);
INSERT INTO pattern_five_tens_nine (pattern_thirty_twentynine_id, column_1, column_2, column_3, column_4, column_5, column_6, total_combination) VALUES (4, 1, 2, 0, 3, 0, 0, 54000);
INSERT INTO pattern_five_tens_nine (pattern_thirty_twentynine_id, column_1, column_2, column_3, column_4, column_5, column_6, total_combination) VALUES (4, 1, 2, 0, 2, 1, 0, 202500);
INSERT INTO pattern_five_tens_nine (pattern_thirty_twentynine_id, column_1, column_2, column_3, column_4, column_5, column_6, total_combination) VALUES (4, 1, 2, 0, 2, 0, 1, 182250);
INSERT INTO pattern_five_tens_nine (pattern_thirty_twentynine_id, column_1, column_2, column_3, column_4, column_5, column_6, total_combination) VALUES (4, 1, 2, 0, 1, 2, 0, 202500);
INSERT INTO pattern_five_tens_nine (pattern_thirty_twentynine_id, column_1, column_2, column_3, column_4, column_5, column_6, total_combination) VALUES (4, 1, 2, 0, 1, 1, 1, 405000);
INSERT INTO pattern_five_tens_nine (pattern_thirty_twentynine_id, column_1, column_2, column_3, column_4, column_5, column_6, total_combination) VALUES (4, 1, 2, 0, 1, 0, 2, 162000);
INSERT INTO pattern_five_tens_nine (pattern_thirty_twentynine_id, column_1, column_2, column_3, column_4, column_5, column_6, total_combination) VALUES (4, 1, 2, 0, 0, 3, 0, 54000);
INSERT INTO pattern_five_tens_nine (pattern_thirty_twentynine_id, column_1, column_2, column_3, column_4, column_5, column_6, total_combination) VALUES (4, 1, 2, 0, 0, 2, 1, 182250);
INSERT INTO pattern_five_tens_nine (pattern_thirty_twentynine_id, column_1, column_2, column_3, column_4, column_5, column_6, total_combination) VALUES (4, 1, 2, 0, 0, 1, 2, 162000);
INSERT INTO pattern_five_tens_nine (pattern_thirty_twentynine_id, column_1, column_2, column_3, column_4, column_5, column_6, total_combination) VALUES (4, 1, 2, 0, 0, 0, 3, 37800);
INSERT INTO pattern_five_tens_nine (pattern_thirty_twentynine_id, column_1, column_2, column_3, column_4, column_5, column_6, total_combination) VALUES (4, 1, 1, 1, 3, 0, 0, 120000);
INSERT INTO pattern_five_tens_nine (pattern_thirty_twentynine_id, column_1, column_2, column_3, column_4, column_5, column_6, total_combination) VALUES (4, 1, 1, 1, 2, 1, 0, 450000);
INSERT INTO pattern_five_tens_nine (pattern_thirty_twentynine_id, column_1, column_2, column_3, column_4, column_5, column_6, total_combination) VALUES (4, 1, 1, 1, 2, 0, 1, 405000);
INSERT INTO pattern_five_tens_nine (pattern_thirty_twentynine_id, column_1, column_2, column_3, column_4, column_5, column_6, total_combination) VALUES (4, 1, 1, 1, 1, 2, 0, 450000);
INSERT INTO pattern_five_tens_nine (pattern_thirty_twentynine_id, column_1, column_2, column_3, column_4, column_5, column_6, total_combination) VALUES (4, 1, 1, 1, 1, 1, 1, 900000);
INSERT INTO pattern_five_tens_nine (pattern_thirty_twentynine_id, column_1, column_2, column_3, column_4, column_5, column_6, total_combination) VALUES (4, 1, 1, 1, 1, 0, 2, 360000);
INSERT INTO pattern_five_tens_nine (pattern_thirty_twentynine_id, column_1, column_2, column_3, column_4, column_5, column_6, total_combination) VALUES (4, 1, 1, 1, 0, 3, 0, 120000);
INSERT INTO pattern_five_tens_nine (pattern_thirty_twentynine_id, column_1, column_2, column_3, column_4, column_5, column_6, total_combination) VALUES (4, 1, 1, 1, 0, 2, 1, 405000);
INSERT INTO pattern_five_tens_nine (pattern_thirty_twentynine_id, column_1, column_2, column_3, column_4, column_5, column_6, total_combination) VALUES (4, 1, 1, 1, 0, 1, 2, 360000);
INSERT INTO pattern_five_tens_nine (pattern_thirty_twentynine_id, column_1, column_2, column_3, column_4, column_5, column_6, total_combination) VALUES (4, 1, 1, 1, 0, 0, 3, 84000);
INSERT INTO pattern_five_tens_nine (pattern_thirty_twentynine_id, column_1, column_2, column_3, column_4, column_5, column_6, total_combination) VALUES (4, 1, 0, 2, 3, 0, 0, 54000);
INSERT INTO pattern_five_tens_nine (pattern_thirty_twentynine_id, column_1, column_2, column_3, column_4, column_5, column_6, total_combination) VALUES (4, 1, 0, 2, 2, 1, 0, 202500);
INSERT INTO pattern_five_tens_nine (pattern_thirty_twentynine_id, column_1, column_2, column_3, column_4, column_5, column_6, total_combination) VALUES (4, 1, 0, 2, 2, 0, 1, 182250);
INSERT INTO pattern_five_tens_nine (pattern_thirty_twentynine_id, column_1, column_2, column_3, column_4, column_5, column_6, total_combination) VALUES (4, 1, 0, 2, 1, 2, 0, 202500);
INSERT INTO pattern_five_tens_nine (pattern_thirty_twentynine_id, column_1, column_2, column_3, column_4, column_5, column_6, total_combination) VALUES (4, 1, 0, 2, 1, 1, 1, 405000);
INSERT INTO pattern_five_tens_nine (pattern_thirty_twentynine_id, column_1, column_2, column_3, column_4, column_5, column_6, total_combination) VALUES (4, 1, 0, 2, 1, 0, 2, 162000);
INSERT INTO pattern_five_tens_nine (pattern_thirty_twentynine_id, column_1, column_2, column_3, column_4, column_5, column_6, total_combination) VALUES (4, 1, 0, 2, 0, 3, 0, 54000);
INSERT INTO pattern_five_tens_nine (pattern_thirty_twentynine_id, column_1, column_2, column_3, column_4, column_5, column_6, total_combination) VALUES (4, 1, 0, 2, 0, 2, 1, 182250);
INSERT INTO pattern_five_tens_nine (pattern_thirty_twentynine_id, column_1, column_2, column_3, column_4, column_5, column_6, total_combination) VALUES (4, 1, 0, 2, 0, 1, 2, 162000);
INSERT INTO pattern_five_tens_nine (pattern_thirty_twentynine_id, column_1, column_2, column_3, column_4, column_5, column_6, total_combination) VALUES (4, 1, 0, 2, 0, 0, 3, 37800);
INSERT INTO pattern_five_tens_nine (pattern_thirty_twentynine_id, column_1, column_2, column_3, column_4, column_5, column_6, total_combination) VALUES (4, 0, 3, 0, 3, 0, 0, 14400);
INSERT INTO pattern_five_tens_nine (pattern_thirty_twentynine_id, column_1, column_2, column_3, column_4, column_5, column_6, total_combination) VALUES (4, 0, 3, 0, 2, 1, 0, 54000);
INSERT INTO pattern_five_tens_nine (pattern_thirty_twentynine_id, column_1, column_2, column_3, column_4, column_5, column_6, total_combination) VALUES (4, 0, 3, 0, 2, 0, 1, 48600);
INSERT INTO pattern_five_tens_nine (pattern_thirty_twentynine_id, column_1, column_2, column_3, column_4, column_5, column_6, total_combination) VALUES (4, 0, 3, 0, 1, 2, 0, 54000);
INSERT INTO pattern_five_tens_nine (pattern_thirty_twentynine_id, column_1, column_2, column_3, column_4, column_5, column_6, total_combination) VALUES (4, 0, 3, 0, 1, 1, 1, 108000);
INSERT INTO pattern_five_tens_nine (pattern_thirty_twentynine_id, column_1, column_2, column_3, column_4, column_5, column_6, total_combination) VALUES (4, 0, 3, 0, 1, 0, 2, 43200);
INSERT INTO pattern_five_tens_nine (pattern_thirty_twentynine_id, column_1, column_2, column_3, column_4, column_5, column_6, total_combination) VALUES (4, 0, 3, 0, 0, 3, 0, 14400);
INSERT INTO pattern_five_tens_nine (pattern_thirty_twentynine_id, column_1, column_2, column_3, column_4, column_5, column_6, total_combination) VALUES (4, 0, 3, 0, 0, 2, 1, 48600);
INSERT INTO pattern_five_tens_nine (pattern_thirty_twentynine_id, column_1, column_2, column_3, column_4, column_5, column_6, total_combination) VALUES (4, 0, 3, 0, 0, 1, 2, 43200);
INSERT INTO pattern_five_tens_nine (pattern_thirty_twentynine_id, column_1, column_2, column_3, column_4, column_5, column_6, total_combination) VALUES (4, 0, 3, 0, 0, 0, 3, 10080);
INSERT INTO pattern_five_tens_nine (pattern_thirty_twentynine_id, column_1, column_2, column_3, column_4, column_5, column_6, total_combination) VALUES (4, 0, 2, 1, 3, 0, 0, 54000);
INSERT INTO pattern_five_tens_nine (pattern_thirty_twentynine_id, column_1, column_2, column_3, column_4, column_5, column_6, total_combination) VALUES (4, 0, 2, 1, 2, 1, 0, 202500);
INSERT INTO pattern_five_tens_nine (pattern_thirty_twentynine_id, column_1, column_2, column_3, column_4, column_5, column_6, total_combination) VALUES (4, 0, 2, 1, 2, 0, 1, 182250);
INSERT INTO pattern_five_tens_nine (pattern_thirty_twentynine_id, column_1, column_2, column_3, column_4, column_5, column_6, total_combination) VALUES (4, 0, 2, 1, 1, 2, 0, 202500);
INSERT INTO pattern_five_tens_nine (pattern_thirty_twentynine_id, column_1, column_2, column_3, column_4, column_5, column_6, total_combination) VALUES (4, 0, 2, 1, 1, 1, 1, 405000);
INSERT INTO pattern_five_tens_nine (pattern_thirty_twentynine_id, column_1, column_2, column_3, column_4, column_5, column_6, total_combination) VALUES (4, 0, 2, 1, 1, 0, 2, 162000);
INSERT INTO pattern_five_tens_nine (pattern_thirty_twentynine_id, column_1, column_2, column_3, column_4, column_5, column_6, total_combination) VALUES (4, 0, 2, 1, 0, 3, 0, 54000);
INSERT INTO pattern_five_tens_nine (pattern_thirty_twentynine_id, column_1, column_2, column_3, column_4, column_5, column_6, total_combination) VALUES (4, 0, 2, 1, 0, 2, 1, 182250);
INSERT INTO pattern_five_tens_nine (pattern_thirty_twentynine_id, column_1, column_2, column_3, column_4, column_5, column_6, total_combination) VALUES (4, 0, 2, 1, 0, 1, 2, 162000);
INSERT INTO pattern_five_tens_nine (pattern_thirty_twentynine_id, column_1, column_2, column_3, column_4, column_5, column_6, total_combination) VALUES (4, 0, 2, 1, 0, 0, 3, 37800);
INSERT INTO pattern_five_tens_nine (pattern_thirty_twentynine_id, column_1, column_2, column_3, column_4, column_5, column_6, total_combination) VALUES (4, 0, 1, 2, 3, 0, 0, 54000);
INSERT INTO pattern_five_tens_nine (pattern_thirty_twentynine_id, column_1, column_2, column_3, column_4, column_5, column_6, total_combination) VALUES (4, 0, 1, 2, 2, 1, 0, 202500);
INSERT INTO pattern_five_tens_nine (pattern_thirty_twentynine_id, column_1, column_2, column_3, column_4, column_5, column_6, total_combination) VALUES (4, 0, 1, 2, 2, 0, 1, 182250);
INSERT INTO pattern_five_tens_nine (pattern_thirty_twentynine_id, column_1, column_2, column_3, column_4, column_5, column_6, total_combination) VALUES (4, 0, 1, 2, 1, 2, 0, 202500);
INSERT INTO pattern_five_tens_nine (pattern_thirty_twentynine_id, column_1, column_2, column_3, column_4, column_5, column_6, total_combination) VALUES (4, 0, 1, 2, 1, 1, 1, 405000);
INSERT INTO pattern_five_tens_nine (pattern_thirty_twentynine_id, column_1, column_2, column_3, column_4, column_5, column_6, total_combination) VALUES (4, 0, 1, 2, 1, 0, 2, 162000);
INSERT INTO pattern_five_tens_nine (pattern_thirty_twentynine_id, column_1, column_2, column_3, column_4, column_5, column_6, total_combination) VALUES (4, 0, 1, 2, 0, 3, 0, 54000);
INSERT INTO pattern_five_tens_nine (pattern_thirty_twentynine_id, column_1, column_2, column_3, column_4, column_5, column_6, total_combination) VALUES (4, 0, 1, 2, 0, 2, 1, 182250);
INSERT INTO pattern_five_tens_nine (pattern_thirty_twentynine_id, column_1, column_2, column_3, column_4, column_5, column_6, total_combination) VALUES (4, 0, 1, 2, 0, 1, 2, 162000);
INSERT INTO pattern_five_tens_nine (pattern_thirty_twentynine_id, column_1, column_2, column_3, column_4, column_5, column_6, total_combination) VALUES (4, 0, 1, 2, 0, 0, 3, 37800);
INSERT INTO pattern_five_tens_nine (pattern_thirty_twentynine_id, column_1, column_2, column_3, column_4, column_5, column_6, total_combination) VALUES (4, 0, 0, 3, 3, 0, 0, 14400);
INSERT INTO pattern_five_tens_nine (pattern_thirty_twentynine_id, column_1, column_2, column_3, column_4, column_5, column_6, total_combination) VALUES (4, 0, 0, 3, 2, 1, 0, 54000);
INSERT INTO pattern_five_tens_nine (pattern_thirty_twentynine_id, column_1, column_2, column_3, column_4, column_5, column_6, total_combination) VALUES (4, 0, 0, 3, 2, 0, 1, 48600);
INSERT INTO pattern_five_tens_nine (pattern_thirty_twentynine_id, column_1, column_2, column_3, column_4, column_5, column_6, total_combination) VALUES (4, 0, 0, 3, 1, 2, 0, 54000);
INSERT INTO pattern_five_tens_nine (pattern_thirty_twentynine_id, column_1, column_2, column_3, column_4, column_5, column_6, total_combination) VALUES (4, 0, 0, 3, 1, 1, 1, 108000);
INSERT INTO pattern_five_tens_nine (pattern_thirty_twentynine_id, column_1, column_2, column_3, column_4, column_5, column_6, total_combination) VALUES (4, 0, 0, 3, 1, 0, 2, 43200);
INSERT INTO pattern_five_tens_nine (pattern_thirty_twentynine_id, column_1, column_2, column_3, column_4, column_5, column_6, total_combination) VALUES (4, 0, 0, 3, 0, 3, 0, 14400);
INSERT INTO pattern_five_tens_nine (pattern_thirty_twentynine_id, column_1, column_2, column_3, column_4, column_5, column_6, total_combination) VALUES (4, 0, 0, 3, 0, 2, 1, 48600);
INSERT INTO pattern_five_tens_nine (pattern_thirty_twentynine_id, column_1, column_2, column_3, column_4, column_5, column_6, total_combination) VALUES (4, 0, 0, 3, 0, 1, 2, 43200);
INSERT INTO pattern_five_tens_nine (pattern_thirty_twentynine_id, column_1, column_2, column_3, column_4, column_5, column_6, total_combination) VALUES (4, 0, 0, 3, 0, 0, 3, 10080);
INSERT INTO pattern_five_tens_nine (pattern_thirty_twentynine_id, column_1, column_2, column_3, column_4, column_5, column_6, total_combination) VALUES (5, 2, 0, 0, 4, 0, 0, 9450);
INSERT INTO pattern_five_tens_nine (pattern_thirty_twentynine_id, column_1, column_2, column_3, column_4, column_5, column_6, total_combination) VALUES (5, 2, 0, 0, 3, 1, 0, 54000);
INSERT INTO pattern_five_tens_nine (pattern_thirty_twentynine_id, column_1, column_2, column_3, column_4, column_5, column_6, total_combination) VALUES (5, 2, 0, 0, 3, 0, 1, 48600);
INSERT INTO pattern_five_tens_nine (pattern_thirty_twentynine_id, column_1, column_2, column_3, column_4, column_5, column_6, total_combination) VALUES (5, 2, 0, 0, 2, 2, 0, 91125);
INSERT INTO pattern_five_tens_nine (pattern_thirty_twentynine_id, column_1, column_2, column_3, column_4, column_5, column_6, total_combination) VALUES (5, 2, 0, 0, 2, 1, 1, 182250);
INSERT INTO pattern_five_tens_nine (pattern_thirty_twentynine_id, column_1, column_2, column_3, column_4, column_5, column_6, total_combination) VALUES (5, 2, 0, 0, 2, 0, 2, 72900);
INSERT INTO pattern_five_tens_nine (pattern_thirty_twentynine_id, column_1, column_2, column_3, column_4, column_5, column_6, total_combination) VALUES (5, 2, 0, 0, 1, 3, 0, 54000);
INSERT INTO pattern_five_tens_nine (pattern_thirty_twentynine_id, column_1, column_2, column_3, column_4, column_5, column_6, total_combination) VALUES (5, 2, 0, 0, 1, 2, 1, 182250);
INSERT INTO pattern_five_tens_nine (pattern_thirty_twentynine_id, column_1, column_2, column_3, column_4, column_5, column_6, total_combination) VALUES (5, 2, 0, 0, 1, 1, 2, 162000);
INSERT INTO pattern_five_tens_nine (pattern_thirty_twentynine_id, column_1, column_2, column_3, column_4, column_5, column_6, total_combination) VALUES (5, 2, 0, 0, 1, 0, 3, 37800);
INSERT INTO pattern_five_tens_nine (pattern_thirty_twentynine_id, column_1, column_2, column_3, column_4, column_5, column_6, total_combination) VALUES (5, 2, 0, 0, 0, 4, 0, 9450);
INSERT INTO pattern_five_tens_nine (pattern_thirty_twentynine_id, column_1, column_2, column_3, column_4, column_5, column_6, total_combination) VALUES (5, 2, 0, 0, 0, 3, 1, 48600);
INSERT INTO pattern_five_tens_nine (pattern_thirty_twentynine_id, column_1, column_2, column_3, column_4, column_5, column_6, total_combination) VALUES (5, 2, 0, 0, 0, 2, 2, 72900);
INSERT INTO pattern_five_tens_nine (pattern_thirty_twentynine_id, column_1, column_2, column_3, column_4, column_5, column_6, total_combination) VALUES (5, 2, 0, 0, 0, 1, 3, 37800);
INSERT INTO pattern_five_tens_nine (pattern_thirty_twentynine_id, column_1, column_2, column_3, column_4, column_5, column_6, total_combination) VALUES (5, 2, 0, 0, 0, 0, 4, 5670);
INSERT INTO pattern_five_tens_nine (pattern_thirty_twentynine_id, column_1, column_2, column_3, column_4, column_5, column_6, total_combination) VALUES (5, 1, 1, 0, 4, 0, 0, 21000);
INSERT INTO pattern_five_tens_nine (pattern_thirty_twentynine_id, column_1, column_2, column_3, column_4, column_5, column_6, total_combination) VALUES (5, 1, 1, 0, 3, 1, 0, 120000);
INSERT INTO pattern_five_tens_nine (pattern_thirty_twentynine_id, column_1, column_2, column_3, column_4, column_5, column_6, total_combination) VALUES (5, 1, 1, 0, 3, 0, 1, 108000);
INSERT INTO pattern_five_tens_nine (pattern_thirty_twentynine_id, column_1, column_2, column_3, column_4, column_5, column_6, total_combination) VALUES (5, 1, 1, 0, 2, 2, 0, 202500);
INSERT INTO pattern_five_tens_nine (pattern_thirty_twentynine_id, column_1, column_2, column_3, column_4, column_5, column_6, total_combination) VALUES (5, 1, 1, 0, 2, 1, 1, 405000);
INSERT INTO pattern_five_tens_nine (pattern_thirty_twentynine_id, column_1, column_2, column_3, column_4, column_5, column_6, total_combination) VALUES (5, 1, 1, 0, 2, 0, 2, 162000);
INSERT INTO pattern_five_tens_nine (pattern_thirty_twentynine_id, column_1, column_2, column_3, column_4, column_5, column_6, total_combination) VALUES (5, 1, 1, 0, 1, 3, 0, 120000);
INSERT INTO pattern_five_tens_nine (pattern_thirty_twentynine_id, column_1, column_2, column_3, column_4, column_5, column_6, total_combination) VALUES (5, 1, 1, 0, 1, 2, 1, 405000);
INSERT INTO pattern_five_tens_nine (pattern_thirty_twentynine_id, column_1, column_2, column_3, column_4, column_5, column_6, total_combination) VALUES (5, 1, 1, 0, 1, 1, 2, 360000);
INSERT INTO pattern_five_tens_nine (pattern_thirty_twentynine_id, column_1, column_2, column_3, column_4, column_5, column_6, total_combination) VALUES (5, 1, 1, 0, 1, 0, 3, 84000);
INSERT INTO pattern_five_tens_nine (pattern_thirty_twentynine_id, column_1, column_2, column_3, column_4, column_5, column_6, total_combination) VALUES (5, 1, 1, 0, 0, 4, 0, 21000);
INSERT INTO pattern_five_tens_nine (pattern_thirty_twentynine_id, column_1, column_2, column_3, column_4, column_5, column_6, total_combination) VALUES (5, 1, 1, 0, 0, 3, 1, 108000);
INSERT INTO pattern_five_tens_nine (pattern_thirty_twentynine_id, column_1, column_2, column_3, column_4, column_5, column_6, total_combination) VALUES (5, 1, 1, 0, 0, 2, 2, 162000);
INSERT INTO pattern_five_tens_nine (pattern_thirty_twentynine_id, column_1, column_2, column_3, column_4, column_5, column_6, total_combination) VALUES (5, 1, 1, 0, 0, 1, 3, 84000);
INSERT INTO pattern_five_tens_nine (pattern_thirty_twentynine_id, column_1, column_2, column_3, column_4, column_5, column_6, total_combination) VALUES (5, 1, 1, 0, 0, 0, 4, 12600);
INSERT INTO pattern_five_tens_nine (pattern_thirty_twentynine_id, column_1, column_2, column_3, column_4, column_5, column_6, total_combination) VALUES (5, 1, 0, 1, 4, 0, 0, 21000);
INSERT INTO pattern_five_tens_nine (pattern_thirty_twentynine_id, column_1, column_2, column_3, column_4, column_5, column_6, total_combination) VALUES (5, 1, 0, 1, 3, 1, 0, 120000);
INSERT INTO pattern_five_tens_nine (pattern_thirty_twentynine_id, column_1, column_2, column_3, column_4, column_5, column_6, total_combination) VALUES (5, 1, 0, 1, 3, 0, 1, 108000);
INSERT INTO pattern_five_tens_nine (pattern_thirty_twentynine_id, column_1, column_2, column_3, column_4, column_5, column_6, total_combination) VALUES (5, 1, 0, 1, 2, 2, 0, 202500);
INSERT INTO pattern_five_tens_nine (pattern_thirty_twentynine_id, column_1, column_2, column_3, column_4, column_5, column_6, total_combination) VALUES (5, 1, 0, 1, 2, 1, 1, 405000);
INSERT INTO pattern_five_tens_nine (pattern_thirty_twentynine_id, column_1, column_2, column_3, column_4, column_5, column_6, total_combination) VALUES (5, 1, 0, 1, 2, 0, 2, 162000);
INSERT INTO pattern_five_tens_nine (pattern_thirty_twentynine_id, column_1, column_2, column_3, column_4, column_5, column_6, total_combination) VALUES (5, 1, 0, 1, 1, 3, 0, 120000);
INSERT INTO pattern_five_tens_nine (pattern_thirty_twentynine_id, column_1, column_2, column_3, column_4, column_5, column_6, total_combination) VALUES (5, 1, 0, 1, 1, 2, 1, 405000);
INSERT INTO pattern_five_tens_nine (pattern_thirty_twentynine_id, column_1, column_2, column_3, column_4, column_5, column_6, total_combination) VALUES (5, 1, 0, 1, 1, 1, 2, 360000);
INSERT INTO pattern_five_tens_nine (pattern_thirty_twentynine_id, column_1, column_2, column_3, column_4, column_5, column_6, total_combination) VALUES (5, 1, 0, 1, 1, 0, 3, 84000);
INSERT INTO pattern_five_tens_nine (pattern_thirty_twentynine_id, column_1, column_2, column_3, column_4, column_5, column_6, total_combination) VALUES (5, 1, 0, 1, 0, 4, 0, 21000);
INSERT INTO pattern_five_tens_nine (pattern_thirty_twentynine_id, column_1, column_2, column_3, column_4, column_5, column_6, total_combination) VALUES (5, 1, 0, 1, 0, 3, 1, 108000);
INSERT INTO pattern_five_tens_nine (pattern_thirty_twentynine_id, column_1, column_2, column_3, column_4, column_5, column_6, total_combination) VALUES (5, 1, 0, 1, 0, 2, 2, 162000);
INSERT INTO pattern_five_tens_nine (pattern_thirty_twentynine_id, column_1, column_2, column_3, column_4, column_5, column_6, total_combination) VALUES (5, 1, 0, 1, 0, 1, 3, 84000);
INSERT INTO pattern_five_tens_nine (pattern_thirty_twentynine_id, column_1, column_2, column_3, column_4, column_5, column_6, total_combination) VALUES (5, 1, 0, 1, 0, 0, 4, 12600);
INSERT INTO pattern_five_tens_nine (pattern_thirty_twentynine_id, column_1, column_2, column_3, column_4, column_5, column_6, total_combination) VALUES (5, 0, 2, 0, 4, 0, 0, 9450);
INSERT INTO pattern_five_tens_nine (pattern_thirty_twentynine_id, column_1, column_2, column_3, column_4, column_5, column_6, total_combination) VALUES (5, 0, 2, 0, 3, 1, 0, 54000);
INSERT INTO pattern_five_tens_nine (pattern_thirty_twentynine_id, column_1, column_2, column_3, column_4, column_5, column_6, total_combination) VALUES (5, 0, 2, 0, 3, 0, 1, 48600);
INSERT INTO pattern_five_tens_nine (pattern_thirty_twentynine_id, column_1, column_2, column_3, column_4, column_5, column_6, total_combination) VALUES (5, 0, 2, 0, 2, 2, 0, 91125);
INSERT INTO pattern_five_tens_nine (pattern_thirty_twentynine_id, column_1, column_2, column_3, column_4, column_5, column_6, total_combination) VALUES (5, 0, 2, 0, 2, 1, 1, 182250);
INSERT INTO pattern_five_tens_nine (pattern_thirty_twentynine_id, column_1, column_2, column_3, column_4, column_5, column_6, total_combination) VALUES (5, 0, 2, 0, 2, 0, 2, 72900);
INSERT INTO pattern_five_tens_nine (pattern_thirty_twentynine_id, column_1, column_2, column_3, column_4, column_5, column_6, total_combination) VALUES (5, 0, 2, 0, 1, 3, 0, 54000);
INSERT INTO pattern_five_tens_nine (pattern_thirty_twentynine_id, column_1, column_2, column_3, column_4, column_5, column_6, total_combination) VALUES (5, 0, 2, 0, 1, 2, 1, 182250);
INSERT INTO pattern_five_tens_nine (pattern_thirty_twentynine_id, column_1, column_2, column_3, column_4, column_5, column_6, total_combination) VALUES (5, 0, 2, 0, 1, 1, 2, 162000);
INSERT INTO pattern_five_tens_nine (pattern_thirty_twentynine_id, column_1, column_2, column_3, column_4, column_5, column_6, total_combination) VALUES (5, 0, 2, 0, 1, 0, 3, 37800);
INSERT INTO pattern_five_tens_nine (pattern_thirty_twentynine_id, column_1, column_2, column_3, column_4, column_5, column_6, total_combination) VALUES (5, 0, 2, 0, 0, 4, 0, 9450);
INSERT INTO pattern_five_tens_nine (pattern_thirty_twentynine_id, column_1, column_2, column_3, column_4, column_5, column_6, total_combination) VALUES (5, 0, 2, 0, 0, 3, 1, 48600);
INSERT INTO pattern_five_tens_nine (pattern_thirty_twentynine_id, column_1, column_2, column_3, column_4, column_5, column_6, total_combination) VALUES (5, 0, 2, 0, 0, 2, 2, 72900);
INSERT INTO pattern_five_tens_nine (pattern_thirty_twentynine_id, column_1, column_2, column_3, column_4, column_5, column_6, total_combination) VALUES (5, 0, 2, 0, 0, 1, 3, 37800);
INSERT INTO pattern_five_tens_nine (pattern_thirty_twentynine_id, column_1, column_2, column_3, column_4, column_5, column_6, total_combination) VALUES (5, 0, 2, 0, 0, 0, 4, 5670);
INSERT INTO pattern_five_tens_nine (pattern_thirty_twentynine_id, column_1, column_2, column_3, column_4, column_5, column_6, total_combination) VALUES (5, 0, 1, 1, 4, 0, 0, 21000);
INSERT INTO pattern_five_tens_nine (pattern_thirty_twentynine_id, column_1, column_2, column_3, column_4, column_5, column_6, total_combination) VALUES (5, 0, 1, 1, 3, 1, 0, 120000);
INSERT INTO pattern_five_tens_nine (pattern_thirty_twentynine_id, column_1, column_2, column_3, column_4, column_5, column_6, total_combination) VALUES (5, 0, 1, 1, 3, 0, 1, 108000);
INSERT INTO pattern_five_tens_nine (pattern_thirty_twentynine_id, column_1, column_2, column_3, column_4, column_5, column_6, total_combination) VALUES (5, 0, 1, 1, 2, 2, 0, 202500);
INSERT INTO pattern_five_tens_nine (pattern_thirty_twentynine_id, column_1, column_2, column_3, column_4, column_5, column_6, total_combination) VALUES (5, 0, 1, 1, 2, 1, 1, 405000);
INSERT INTO pattern_five_tens_nine (pattern_thirty_twentynine_id, column_1, column_2, column_3, column_4, column_5, column_6, total_combination) VALUES (5, 0, 1, 1, 2, 0, 2, 162000);
INSERT INTO pattern_five_tens_nine (pattern_thirty_twentynine_id, column_1, column_2, column_3, column_4, column_5, column_6, total_combination) VALUES (5, 0, 1, 1, 1, 3, 0, 120000);
INSERT INTO pattern_five_tens_nine (pattern_thirty_twentynine_id, column_1, column_2, column_3, column_4, column_5, column_6, total_combination) VALUES (5, 0, 1, 1, 1, 2, 1, 405000);
INSERT INTO pattern_five_tens_nine (pattern_thirty_twentynine_id, column_1, column_2, column_3, column_4, column_5, column_6, total_combination) VALUES (5, 0, 1, 1, 1, 1, 2, 360000);
INSERT INTO pattern_five_tens_nine (pattern_thirty_twentynine_id, column_1, column_2, column_3, column_4, column_5, column_6, total_combination) VALUES (5, 0, 1, 1, 1, 0, 3, 84000);
INSERT INTO pattern_five_tens_nine (pattern_thirty_twentynine_id, column_1, column_2, column_3, column_4, column_5, column_6, total_combination) VALUES (5, 0, 1, 1, 0, 4, 0, 21000);
INSERT INTO pattern_five_tens_nine (pattern_thirty_twentynine_id, column_1, column_2, column_3, column_4, column_5, column_6, total_combination) VALUES (5, 0, 1, 1, 0, 3, 1, 108000);
INSERT INTO pattern_five_tens_nine (pattern_thirty_twentynine_id, column_1, column_2, column_3, column_4, column_5, column_6, total_combination) VALUES (5, 0, 1, 1, 0, 2, 2, 162000);
INSERT INTO pattern_five_tens_nine (pattern_thirty_twentynine_id, column_1, column_2, column_3, column_4, column_5, column_6, total_combination) VALUES (5, 0, 1, 1, 0, 1, 3, 84000);
INSERT INTO pattern_five_tens_nine (pattern_thirty_twentynine_id, column_1, column_2, column_3, column_4, column_5, column_6, total_combination) VALUES (5, 0, 1, 1, 0, 0, 4, 12600);
INSERT INTO pattern_five_tens_nine (pattern_thirty_twentynine_id, column_1, column_2, column_3, column_4, column_5, column_6, total_combination) VALUES (5, 0, 0, 2, 4, 0, 0, 9450);
INSERT INTO pattern_five_tens_nine (pattern_thirty_twentynine_id, column_1, column_2, column_3, column_4, column_5, column_6, total_combination) VALUES (5, 0, 0, 2, 3, 1, 0, 54000);
INSERT INTO pattern_five_tens_nine (pattern_thirty_twentynine_id, column_1, column_2, column_3, column_4, column_5, column_6, total_combination) VALUES (5, 0, 0, 2, 3, 0, 1, 48600);
INSERT INTO pattern_five_tens_nine (pattern_thirty_twentynine_id, column_1, column_2, column_3, column_4, column_5, column_6, total_combination) VALUES (5, 0, 0, 2, 2, 2, 0, 91125);
INSERT INTO pattern_five_tens_nine (pattern_thirty_twentynine_id, column_1, column_2, column_3, column_4, column_5, column_6, total_combination) VALUES (5, 0, 0, 2, 2, 1, 1, 182250);
INSERT INTO pattern_five_tens_nine (pattern_thirty_twentynine_id, column_1, column_2, column_3, column_4, column_5, column_6, total_combination) VALUES (5, 0, 0, 2, 2, 0, 2, 72900);
INSERT INTO pattern_five_tens_nine (pattern_thirty_twentynine_id, column_1, column_2, column_3, column_4, column_5, column_6, total_combination) VALUES (5, 0, 0, 2, 1, 3, 0, 54000);
INSERT INTO pattern_five_tens_nine (pattern_thirty_twentynine_id, column_1, column_2, column_3, column_4, column_5, column_6, total_combination) VALUES (5, 0, 0, 2, 1, 2, 1, 182250);
INSERT INTO pattern_five_tens_nine (pattern_thirty_twentynine_id, column_1, column_2, column_3, column_4, column_5, column_6, total_combination) VALUES (5, 0, 0, 2, 1, 1, 2, 162000);
INSERT INTO pattern_five_tens_nine (pattern_thirty_twentynine_id, column_1, column_2, column_3, column_4, column_5, column_6, total_combination) VALUES (5, 0, 0, 2, 1, 0, 3, 37800);
INSERT INTO pattern_five_tens_nine (pattern_thirty_twentynine_id, column_1, column_2, column_3, column_4, column_5, column_6, total_combination) VALUES (5, 0, 0, 2, 0, 4, 0, 9450);
INSERT INTO pattern_five_tens_nine (pattern_thirty_twentynine_id, column_1, column_2, column_3, column_4, column_5, column_6, total_combination) VALUES (5, 0, 0, 2, 0, 3, 1, 48600);
INSERT INTO pattern_five_tens_nine (pattern_thirty_twentynine_id, column_1, column_2, column_3, column_4, column_5, column_6, total_combination) VALUES (5, 0, 0, 2, 0, 2, 2, 72900);
INSERT INTO pattern_five_tens_nine (pattern_thirty_twentynine_id, column_1, column_2, column_3, column_4, column_5, column_6, total_combination) VALUES (5, 0, 0, 2, 0, 1, 3, 37800);
INSERT INTO pattern_five_tens_nine (pattern_thirty_twentynine_id, column_1, column_2, column_3, column_4, column_5, column_6, total_combination) VALUES (5, 0, 0, 2, 0, 0, 4, 5670);
INSERT INTO pattern_five_tens_nine (pattern_thirty_twentynine_id, column_1, column_2, column_3, column_4, column_5, column_6, total_combination) VALUES (6, 1, 0, 0, 5, 0, 0, 2520);
INSERT INTO pattern_five_tens_nine (pattern_thirty_twentynine_id, column_1, column_2, column_3, column_4, column_5, column_6, total_combination) VALUES (6, 1, 0, 0, 4, 1, 0, 21000);
INSERT INTO pattern_five_tens_nine (pattern_thirty_twentynine_id, column_1, column_2, column_3, column_4, column_5, column_6, total_combination) VALUES (6, 1, 0, 0, 4, 0, 1, 18900);
INSERT INTO pattern_five_tens_nine (pattern_thirty_twentynine_id, column_1, column_2, column_3, column_4, column_5, column_6, total_combination) VALUES (6, 1, 0, 0, 3, 2, 0, 54000);
INSERT INTO pattern_five_tens_nine (pattern_thirty_twentynine_id, column_1, column_2, column_3, column_4, column_5, column_6, total_combination) VALUES (6, 1, 0, 0, 3, 1, 1, 108000);
INSERT INTO pattern_five_tens_nine (pattern_thirty_twentynine_id, column_1, column_2, column_3, column_4, column_5, column_6, total_combination) VALUES (6, 1, 0, 0, 3, 0, 2, 43200);
INSERT INTO pattern_five_tens_nine (pattern_thirty_twentynine_id, column_1, column_2, column_3, column_4, column_5, column_6, total_combination) VALUES (6, 1, 0, 0, 2, 3, 0, 54000);
INSERT INTO pattern_five_tens_nine (pattern_thirty_twentynine_id, column_1, column_2, column_3, column_4, column_5, column_6, total_combination) VALUES (6, 1, 0, 0, 2, 2, 1, 182250);
INSERT INTO pattern_five_tens_nine (pattern_thirty_twentynine_id, column_1, column_2, column_3, column_4, column_5, column_6, total_combination) VALUES (6, 1, 0, 0, 2, 1, 2, 162000);
INSERT INTO pattern_five_tens_nine (pattern_thirty_twentynine_id, column_1, column_2, column_3, column_4, column_5, column_6, total_combination) VALUES (6, 1, 0, 0, 2, 0, 3, 37800);
INSERT INTO pattern_five_tens_nine (pattern_thirty_twentynine_id, column_1, column_2, column_3, column_4, column_5, column_6, total_combination) VALUES (6, 1, 0, 0, 1, 4, 0, 21000);
INSERT INTO pattern_five_tens_nine (pattern_thirty_twentynine_id, column_1, column_2, column_3, column_4, column_5, column_6, total_combination) VALUES (6, 1, 0, 0, 1, 3, 1, 108000);
INSERT INTO pattern_five_tens_nine (pattern_thirty_twentynine_id, column_1, column_2, column_3, column_4, column_5, column_6, total_combination) VALUES (6, 1, 0, 0, 1, 2, 2, 162000);
INSERT INTO pattern_five_tens_nine (pattern_thirty_twentynine_id, column_1, column_2, column_3, column_4, column_5, column_6, total_combination) VALUES (6, 1, 0, 0, 1, 1, 3, 84000);
INSERT INTO pattern_five_tens_nine (pattern_thirty_twentynine_id, column_1, column_2, column_3, column_4, column_5, column_6, total_combination) VALUES (6, 1, 0, 0, 1, 0, 4, 12600);
INSERT INTO pattern_five_tens_nine (pattern_thirty_twentynine_id, column_1, column_2, column_3, column_4, column_5, column_6, total_combination) VALUES (6, 1, 0, 0, 0, 5, 0, 2520);
INSERT INTO pattern_five_tens_nine (pattern_thirty_twentynine_id, column_1, column_2, column_3, column_4, column_5, column_6, total_combination) VALUES (6, 1, 0, 0, 0, 4, 1, 18900);
INSERT INTO pattern_five_tens_nine (pattern_thirty_twentynine_id, column_1, column_2, column_3, column_4, column_5, column_6, total_combination) VALUES (6, 1, 0, 0, 0, 3, 2, 43200);
INSERT INTO pattern_five_tens_nine (pattern_thirty_twentynine_id, column_1, column_2, column_3, column_4, column_5, column_6, total_combination) VALUES (6, 1, 0, 0, 0, 2, 3, 37800);
INSERT INTO pattern_five_tens_nine (pattern_thirty_twentynine_id, column_1, column_2, column_3, column_4, column_5, column_6, total_combination) VALUES (6, 1, 0, 0, 0, 1, 4, 12600);
INSERT INTO pattern_five_tens_nine (pattern_thirty_twentynine_id, column_1, column_2, column_3, column_4, column_5, column_6, total_combination) VALUES (6, 1, 0, 0, 0, 0, 5, 1260);
INSERT INTO pattern_five_tens_nine (pattern_thirty_twentynine_id, column_1, column_2, column_3, column_4, column_5, column_6, total_combination) VALUES (6, 0, 1, 0, 5, 0, 0, 2520);
INSERT INTO pattern_five_tens_nine (pattern_thirty_twentynine_id, column_1, column_2, column_3, column_4, column_5, column_6, total_combination) VALUES (6, 0, 1, 0, 4, 1, 0, 21000);
INSERT INTO pattern_five_tens_nine (pattern_thirty_twentynine_id, column_1, column_2, column_3, column_4, column_5, column_6, total_combination) VALUES (6, 0, 1, 0, 4, 0, 1, 18900);
INSERT INTO pattern_five_tens_nine (pattern_thirty_twentynine_id, column_1, column_2, column_3, column_4, column_5, column_6, total_combination) VALUES (6, 0, 1, 0, 3, 2, 0, 54000);
INSERT INTO pattern_five_tens_nine (pattern_thirty_twentynine_id, column_1, column_2, column_3, column_4, column_5, column_6, total_combination) VALUES (6, 0, 1, 0, 3, 1, 1, 108000);
INSERT INTO pattern_five_tens_nine (pattern_thirty_twentynine_id, column_1, column_2, column_3, column_4, column_5, column_6, total_combination) VALUES (6, 0, 1, 0, 3, 0, 2, 43200);
INSERT INTO pattern_five_tens_nine (pattern_thirty_twentynine_id, column_1, column_2, column_3, column_4, column_5, column_6, total_combination) VALUES (6, 0, 1, 0, 2, 3, 0, 54000);
INSERT INTO pattern_five_tens_nine (pattern_thirty_twentynine_id, column_1, column_2, column_3, column_4, column_5, column_6, total_combination) VALUES (6, 0, 1, 0, 2, 2, 1, 182250);
INSERT INTO pattern_five_tens_nine (pattern_thirty_twentynine_id, column_1, column_2, column_3, column_4, column_5, column_6, total_combination) VALUES (6, 0, 1, 0, 2, 1, 2, 162000);
INSERT INTO pattern_five_tens_nine (pattern_thirty_twentynine_id, column_1, column_2, column_3, column_4, column_5, column_6, total_combination) VALUES (6, 0, 1, 0, 2, 0, 3, 37800);
INSERT INTO pattern_five_tens_nine (pattern_thirty_twentynine_id, column_1, column_2, column_3, column_4, column_5, column_6, total_combination) VALUES (6, 0, 1, 0, 1, 4, 0, 21000);
INSERT INTO pattern_five_tens_nine (pattern_thirty_twentynine_id, column_1, column_2, column_3, column_4, column_5, column_6, total_combination) VALUES (6, 0, 1, 0, 1, 3, 1, 108000);
INSERT INTO pattern_five_tens_nine (pattern_thirty_twentynine_id, column_1, column_2, column_3, column_4, column_5, column_6, total_combination) VALUES (6, 0, 1, 0, 1, 2, 2, 162000);
INSERT INTO pattern_five_tens_nine (pattern_thirty_twentynine_id, column_1, column_2, column_3, column_4, column_5, column_6, total_combination) VALUES (6, 0, 1, 0, 1, 1, 3, 84000);
INSERT INTO pattern_five_tens_nine (pattern_thirty_twentynine_id, column_1, column_2, column_3, column_4, column_5, column_6, total_combination) VALUES (6, 0, 1, 0, 1, 0, 4, 12600);
INSERT INTO pattern_five_tens_nine (pattern_thirty_twentynine_id, column_1, column_2, column_3, column_4, column_5, column_6, total_combination) VALUES (6, 0, 1, 0, 0, 5, 0, 2520);
INSERT INTO pattern_five_tens_nine (pattern_thirty_twentynine_id, column_1, column_2, column_3, column_4, column_5, column_6, total_combination) VALUES (6, 0, 1, 0, 0, 4, 1, 18900);
INSERT INTO pattern_five_tens_nine (pattern_thirty_twentynine_id, column_1, column_2, column_3, column_4, column_5, column_6, total_combination) VALUES (6, 0, 1, 0, 0, 3, 2, 43200);
INSERT INTO pattern_five_tens_nine (pattern_thirty_twentynine_id, column_1, column_2, column_3, column_4, column_5, column_6, total_combination) VALUES (6, 0, 1, 0, 0, 2, 3, 37800);
INSERT INTO pattern_five_tens_nine (pattern_thirty_twentynine_id, column_1, column_2, column_3, column_4, column_5, column_6, total_combination) VALUES (6, 0, 1, 0, 0, 1, 4, 12600);
INSERT INTO pattern_five_tens_nine (pattern_thirty_twentynine_id, column_1, column_2, column_3, column_4, column_5, column_6, total_combination) VALUES (6, 0, 1, 0, 0, 0, 5, 1260);
INSERT INTO pattern_five_tens_nine (pattern_thirty_twentynine_id, column_1, column_2, column_3, column_4, column_5, column_6, total_combination) VALUES (6, 0, 0, 1, 5, 0, 0, 2520);
INSERT INTO pattern_five_tens_nine (pattern_thirty_twentynine_id, column_1, column_2, column_3, column_4, column_5, column_6, total_combination) VALUES (6, 0, 0, 1, 4, 1, 0, 21000);
INSERT INTO pattern_five_tens_nine (pattern_thirty_twentynine_id, column_1, column_2, column_3, column_4, column_5, column_6, total_combination) VALUES (6, 0, 0, 1, 4, 0, 1, 18900);
INSERT INTO pattern_five_tens_nine (pattern_thirty_twentynine_id, column_1, column_2, column_3, column_4, column_5, column_6, total_combination) VALUES (6, 0, 0, 1, 3, 2, 0, 54000);
INSERT INTO pattern_five_tens_nine (pattern_thirty_twentynine_id, column_1, column_2, column_3, column_4, column_5, column_6, total_combination) VALUES (6, 0, 0, 1, 3, 1, 1, 108000);
INSERT INTO pattern_five_tens_nine (pattern_thirty_twentynine_id, column_1, column_2, column_3, column_4, column_5, column_6, total_combination) VALUES (6, 0, 0, 1, 3, 0, 2, 43200);
INSERT INTO pattern_five_tens_nine (pattern_thirty_twentynine_id, column_1, column_2, column_3, column_4, column_5, column_6, total_combination) VALUES (6, 0, 0, 1, 2, 3, 0, 54000);
INSERT INTO pattern_five_tens_nine (pattern_thirty_twentynine_id, column_1, column_2, column_3, column_4, column_5, column_6, total_combination) VALUES (6, 0, 0, 1, 2, 2, 1, 182250);
INSERT INTO pattern_five_tens_nine (pattern_thirty_twentynine_id, column_1, column_2, column_3, column_4, column_5, column_6, total_combination) VALUES (6, 0, 0, 1, 2, 1, 2, 162000);
INSERT INTO pattern_five_tens_nine (pattern_thirty_twentynine_id, column_1, column_2, column_3, column_4, column_5, column_6, total_combination) VALUES (6, 0, 0, 1, 2, 0, 3, 37800);
INSERT INTO pattern_five_tens_nine (pattern_thirty_twentynine_id, column_1, column_2, column_3, column_4, column_5, column_6, total_combination) VALUES (6, 0, 0, 1, 1, 4, 0, 21000);
INSERT INTO pattern_five_tens_nine (pattern_thirty_twentynine_id, column_1, column_2, column_3, column_4, column_5, column_6, total_combination) VALUES (6, 0, 0, 1, 1, 3, 1, 108000);
INSERT INTO pattern_five_tens_nine (pattern_thirty_twentynine_id, column_1, column_2, column_3, column_4, column_5, column_6, total_combination) VALUES (6, 0, 0, 1, 1, 2, 2, 162000);
INSERT INTO pattern_five_tens_nine (pattern_thirty_twentynine_id, column_1, column_2, column_3, column_4, column_5, column_6, total_combination) VALUES (6, 0, 0, 1, 1, 1, 3, 84000);
INSERT INTO pattern_five_tens_nine (pattern_thirty_twentynine_id, column_1, column_2, column_3, column_4, column_5, column_6, total_combination) VALUES (6, 0, 0, 1, 1, 0, 4, 12600);
INSERT INTO pattern_five_tens_nine (pattern_thirty_twentynine_id, column_1, column_2, column_3, column_4, column_5, column_6, total_combination) VALUES (6, 0, 0, 1, 0, 5, 0, 2520);
INSERT INTO pattern_five_tens_nine (pattern_thirty_twentynine_id, column_1, column_2, column_3, column_4, column_5, column_6, total_combination) VALUES (6, 0, 0, 1, 0, 4, 1, 18900);
INSERT INTO pattern_five_tens_nine (pattern_thirty_twentynine_id, column_1, column_2, column_3, column_4, column_5, column_6, total_combination) VALUES (6, 0, 0, 1, 0, 3, 2, 43200);
INSERT INTO pattern_five_tens_nine (pattern_thirty_twentynine_id, column_1, column_2, column_3, column_4, column_5, column_6, total_combination) VALUES (6, 0, 0, 1, 0, 2, 3, 37800);
INSERT INTO pattern_five_tens_nine (pattern_thirty_twentynine_id, column_1, column_2, column_3, column_4, column_5, column_6, total_combination) VALUES (6, 0, 0, 1, 0, 1, 4, 12600);
INSERT INTO pattern_five_tens_nine (pattern_thirty_twentynine_id, column_1, column_2, column_3, column_4, column_5, column_6, total_combination) VALUES (6, 0, 0, 1, 0, 0, 5, 1260);
INSERT INTO pattern_five_tens_nine (pattern_thirty_twentynine_id, column_1, column_2, column_3, column_4, column_5, column_6, total_combination) VALUES (7, 0, 0, 0, 6, 0, 0, 210);
INSERT INTO pattern_five_tens_nine (pattern_thirty_twentynine_id, column_1, column_2, column_3, column_4, column_5, column_6, total_combination) VALUES (7, 0, 0, 0, 5, 1, 0, 2520);
INSERT INTO pattern_five_tens_nine (pattern_thirty_twentynine_id, column_1, column_2, column_3, column_4, column_5, column_6, total_combination) VALUES (7, 0, 0, 0, 5, 0, 1, 2268);
INSERT INTO pattern_five_tens_nine (pattern_thirty_twentynine_id, column_1, column_2, column_3, column_4, column_5, column_6, total_combination) VALUES (7, 0, 0, 0, 4, 2, 0, 9450);
INSERT INTO pattern_five_tens_nine (pattern_thirty_twentynine_id, column_1, column_2, column_3, column_4, column_5, column_6, total_combination) VALUES (7, 0, 0, 0, 4, 1, 1, 18900);
INSERT INTO pattern_five_tens_nine (pattern_thirty_twentynine_id, column_1, column_2, column_3, column_4, column_5, column_6, total_combination) VALUES (7, 0, 0, 0, 4, 0, 2, 7560);
INSERT INTO pattern_five_tens_nine (pattern_thirty_twentynine_id, column_1, column_2, column_3, column_4, column_5, column_6, total_combination) VALUES (7, 0, 0, 0, 3, 3, 0, 14400);
INSERT INTO pattern_five_tens_nine (pattern_thirty_twentynine_id, column_1, column_2, column_3, column_4, column_5, column_6, total_combination) VALUES (7, 0, 0, 0, 3, 2, 1, 48600);
INSERT INTO pattern_five_tens_nine (pattern_thirty_twentynine_id, column_1, column_2, column_3, column_4, column_5, column_6, total_combination) VALUES (7, 0, 0, 0, 3, 1, 2, 43200);
INSERT INTO pattern_five_tens_nine (pattern_thirty_twentynine_id, column_1, column_2, column_3, column_4, column_5, column_6, total_combination) VALUES (7, 0, 0, 0, 3, 0, 3, 10080);
INSERT INTO pattern_five_tens_nine (pattern_thirty_twentynine_id, column_1, column_2, column_3, column_4, column_5, column_6, total_combination) VALUES (7, 0, 0, 0, 2, 4, 0, 9450);
INSERT INTO pattern_five_tens_nine (pattern_thirty_twentynine_id, column_1, column_2, column_3, column_4, column_5, column_6, total_combination) VALUES (7, 0, 0, 0, 2, 3, 1, 48600);
INSERT INTO pattern_five_tens_nine (pattern_thirty_twentynine_id, column_1, column_2, column_3, column_4, column_5, column_6, total_combination) VALUES (7, 0, 0, 0, 2, 2, 2, 72900);
INSERT INTO pattern_five_tens_nine (pattern_thirty_twentynine_id, column_1, column_2, column_3, column_4, column_5, column_6, total_combination) VALUES (7, 0, 0, 0, 2, 1, 3, 37800);
INSERT INTO pattern_five_tens_nine (pattern_thirty_twentynine_id, column_1, column_2, column_3, column_4, column_5, column_6, total_combination) VALUES (7, 0, 0, 0, 2, 0, 4, 5670);
INSERT INTO pattern_five_tens_nine (pattern_thirty_twentynine_id, column_1, column_2, column_3, column_4, column_5, column_6, total_combination) VALUES (7, 0, 0, 0, 1, 5, 0, 2520);
INSERT INTO pattern_five_tens_nine (pattern_thirty_twentynine_id, column_1, column_2, column_3, column_4, column_5, column_6, total_combination) VALUES (7, 0, 0, 0, 1, 4, 1, 18900);
INSERT INTO pattern_five_tens_nine (pattern_thirty_twentynine_id, column_1, column_2, column_3, column_4, column_5, column_6, total_combination) VALUES (7, 0, 0, 0, 1, 3, 2, 43200);
INSERT INTO pattern_five_tens_nine (pattern_thirty_twentynine_id, column_1, column_2, column_3, column_4, column_5, column_6, total_combination) VALUES (7, 0, 0, 0, 1, 2, 3, 37800);
INSERT INTO pattern_five_tens_nine (pattern_thirty_twentynine_id, column_1, column_2, column_3, column_4, column_5, column_6, total_combination) VALUES (7, 0, 0, 0, 1, 1, 4, 12600);
INSERT INTO pattern_five_tens_nine (pattern_thirty_twentynine_id, column_1, column_2, column_3, column_4, column_5, column_6, total_combination) VALUES (7, 0, 0, 0, 1, 0, 5, 1260);
INSERT INTO pattern_five_tens_nine (pattern_thirty_twentynine_id, column_1, column_2, column_3, column_4, column_5, column_6, total_combination) VALUES (7, 0, 0, 0, 0, 6, 0, 210);
INSERT INTO pattern_five_tens_nine (pattern_thirty_twentynine_id, column_1, column_2, column_3, column_4, column_5, column_6, total_combination) VALUES (7, 0, 0, 0, 0, 5, 1, 2268);
INSERT INTO pattern_five_tens_nine (pattern_thirty_twentynine_id, column_1, column_2, column_3, column_4, column_5, column_6, total_combination) VALUES (7, 0, 0, 0, 0, 4, 2, 7560);
INSERT INTO pattern_five_tens_nine (pattern_thirty_twentynine_id, column_1, column_2, column_3, column_4, column_5, column_6, total_combination) VALUES (7, 0, 0, 0, 0, 3, 3, 10080);
INSERT INTO pattern_five_tens_nine (pattern_thirty_twentynine_id, column_1, column_2, column_3, column_4, column_5, column_6, total_combination) VALUES (7, 0, 0, 0, 0, 2, 4, 5670);
INSERT INTO pattern_five_tens_nine (pattern_thirty_twentynine_id, column_1, column_2, column_3, column_4, column_5, column_6, total_combination) VALUES (7, 0, 0, 0, 0, 1, 5, 1260);
INSERT INTO pattern_five_tens_nine (pattern_thirty_twentynine_id, column_1, column_2, column_3, column_4, column_5, column_6, total_combination) VALUES (7, 0, 0, 0, 0, 0, 6, 84);